"table-cell href","short","wide-only","tm-cell-thumb src","table-cell-value 2","table-cell-value 3","table-cell-desc","table-cell-value-row","table-cell-value-row 2","tm-wallet href","head","tm-wallet href 2","short 2","tm-wallet href 3","head 2","tm-web3-address 2","tm-web3-address href 2"
"https://marketapp.ws/nft/EQBtBKbkrUWpNBnTvMVUf3E_FixOyvqlTTAMnlcbJiihq9wU/","Oct 28, 2025","Oct 28, 2025, 05:21","https://i2.anton.market/qLBS8hMJ45Lv3rnrLPV6H5HYT_90AAH1QeUoP9YznB0/rs:fill:200:200:1/g:ce/czM6Ly9tYXJrZXRhcHAvYy9FUUNBMTRvMS1WV2hTMmVmcW9oXzlNMWJfQTlEdEtUdW9xZm1rbjgzQWJKenduUGkvbi83NmQxOGU2MjYzYTMyNTQ1ODQ2Mzc3ZWI3NGIzZmIyZi53ZWJw","@devil","555,555","~$1,237,471","auction","-","https://marketapp.ws/user/EQBGASHVbRlhXMHQLh1P31sjyaHl9BrCcIZAZhZd2pKdAoqi/","EQBGASHVbRlhXMHQLh1P31sjyaHl9BrCcIZAZhZd2pKdAoqi","https://tonviewer.com/transaction/194c6aae2cb9d368dd1a1e97032cde071c0c1df6e5de27541b53bfc107cdf88d","TX","","","",""
"https://marketapp.ws/nft/EQDxb7zvcKl_Mprpbgj-IqCC8EROUS04kzL8mUgUgxtObtPw/","Mar 4, 2025","Mar 4, 2025, 03:32","https://i2.anton.market/uR8JugJgNGx2Nx-af3bMmTEosVrkk4KO-nbRmVNzWb8/rs:fill:200:200:1/g:ce/czM6Ly9tYXJrZXRhcHAvYy9FUUNBMTRvMS1WV2hTMmVmcW9oXzlNMWJfQTlEdEtUdW9xZm1rbjgzQWJKenduUGkvbi85M2ZjNjA4ZTAyMTFiZWNiMjMxNWQ1NGZlOTk4NDUxNC53ZWJw","@cryptoholder","250,000","","","","https://marketapp.ws/user/EQAymLKe4STymFvlcx0KqcTyf8JP1sHJCBkLvvrwRjD2V4_l/","EQAymLKe4STymFvlcx0KqcTyf8JP1sHJCBkLvvrwRjD2V4_l","https://tonviewer.com/transaction/83abcf35d865da15d538bac0740efe282fd020fd48a146d547c5cec50f9eabca","TX","","","",""
"https://marketapp.ws/nft/EQCdQ-HXlW8RSUGdmZ7HVCtR5wU7ytCdMux8dFsEXEs-_MmK/","Nov 13, 2025","Nov 13, 2025, 16:34","https://i2.anton.market/grqMCdN-TTzqDWnv-xRztdDfooDCO8vBBWkRhSrgFRs/rs:fill:200:200:1/g:ce/czM6Ly9tYXJrZXRhcHAvYy9FUUNBMTRvMS1WV2hTMmVmcW9oXzlNMWJfQTlEdEtUdW9xZm1rbjgzQWJKenduUGkvbi9lM2MwOWVmNzVmYTNiOGZhNjk0YThiZWI1MWFiZTZiNy53ZWJw","@delivery","200,000","~$410,086","auction","","https://marketapp.ws/user/EQBX_hqvJOk3yYSWcjYzlqua5CPoOEfQn9jwADmYsYxjXRpF/","EQBX_hqvJOk3yYSWcjYzlqua5CPoOEfQn9jwADmYsYxjXRpF","https://tonviewer.com/transaction/cc6c00ec81e993285932d9e56e031db85b401a03ee1a7ddfe5c616f2a2c2cf0c","TX","https://marketapp.ws/user/EQAE6mpg6qbdvDgdBY87vff1DaYrpJdZt8xFIk0D_9wsKxIn/","EQAE6mpg6qbdvDgdBY87vff1DaYrpJdZt8xFIk0D_9wsKxIn","",""
"https://marketapp.ws/nft/EQDE0gZi1B1SVll20S2ouYUM65Acq7x83UPOZ533-egaskT9/","Oct 29, 2025","Oct 29, 2025, 14:01","https://i2.anton.market/q9HS8rwRQg3zDQl5iKP1wgg-CK2lTpjQVdQKJd88wXE/rs:fill:200:200:1/g:ce/czM6Ly9tYXJrZXRhcHAvYy9FUUNBMTRvMS1WV2hTMmVmcW9oXzlNMWJfQTlEdEtUdW9xZm1rbjgzQWJKenduUGkvbi8xOGM4M2RiODA5MWY4NDE2MmY0NWQ4NDAxMjYxNjUwNy53ZWJw","@insane","166,888","~$375,640","auction","","https://marketapp.ws/user/EQDQkYYm_34TJZTIShyo5r7u7h2GWd0uYpcLZIEWKuG9V_Cf/","EQDQkYYm_34TJZTIShyo5r7u7h2GWd0uYpcLZIEWKuG9V_Cf","https://tonviewer.com/transaction/99810fef2d535593e34dd129d6d07d83cdeeda62278c6b7d01fd7fa83720b067","TX","https://marketapp.ws/user/EQAE6mpg6qbdvDgdBY87vff1DaYrpJdZt8xFIk0D_9wsKxIn/","EQAE6mpg6qbdvDgdBY87vff1DaYrpJdZt8xFIk0D_9wsKxIn","",""
"https://marketapp.ws/nft/EQA1lCSdkOOaDGTQ5FEezGQm8lsGEJEl5UcAPJLJEC0hIXk7/","Nov 18, 2025","Nov 18, 2025, 01:33","https://i2.anton.market/HKjaE3c8i6uVGXctMgSeOkTpEWB3lv2EIEXbH7tcQqA/rs:fill:200:200:1/g:ce/czM6Ly9tYXJrZXRhcHAvYy9FUUNBMTRvMS1WV2hTMmVmcW9oXzlNMWJfQTlEdEtUdW9xZm1rbjgzQWJKenduUGkvbi83ODMwNGM1ZDVlY2I3ZGExOGI0NTE1ZGVmZTkzZDcxNS53ZWJw","@estate","100,000","~$175,321","auction","","https://marketapp.ws/user/EQBX_hqvJOk3yYSWcjYzlqua5CPoOEfQn9jwADmYsYxjXRpF/","EQBX_hqvJOk3yYSWcjYzlqua5CPoOEfQn9jwADmYsYxjXRpF","https://tonviewer.com/transaction/e72d702e8946ea6877aa7f7c07ec1ac55d493edfaf7c66aeea80c143c2bd6416","TX","https://marketapp.ws/user/EQAE6mpg6qbdvDgdBY87vff1DaYrpJdZt8xFIk0D_9wsKxIn/","EQAE6mpg6qbdvDgdBY87vff1DaYrpJdZt8xFIk0D_9wsKxIn","",""
"https://marketapp.ws/nft/EQC4WAl0hzYUIcasDUZB0sOwWIpViX3Mq5TkCqkSFuJ0kxX4/","Dec 25, 2025","Dec 25, 2025, 07:50","https://i2.anton.market/OQ3UONX43W3SqQz0uYT-EyZ6cXQZRJmeoi_TnfA89zU/rs:fill:200:200:1/g:ce/czM6Ly9tYXJrZXRhcHAvYy9FUUNBMTRvMS1WV2hTMmVmcW9oXzlNMWJfQTlEdEtUdW9xZm1rbjgzQWJKenduUGkvbi9hN2ZmZjVmOGQyYzgwM2MwNzRmZTZkMTY1NGIyNWNiNS53ZWJw","@psychopath","100,000","~$151,704","auction","-","https://marketapp.ws/user/EQDSnJiL9orscjf5z_gltNZgvUWzmMVSUi8q7F814fM6EIMg/","EQDSnJiL9orscjf5z_gltNZgvUWzmMVSUi8q7F814fM6EIMg","https://tonviewer.com/transaction/dbf328742f1a75d6713e009dac6188a4ebf4fa9683ff9f08a9230f50e8e5ea0b","TX","","","",""
"https://marketapp.ws/nft/EQCPkpYna66Eibw2zMm5hteWSEdxwiWhUFlNsBXIBqpALpzL/","Oct 14, 2025","Oct 14, 2025, 20:56","https://i2.anton.market/UYd1xikfs-TQz4--nnHvtxuJ-cr8jK25fecw1U_iZEQ/rs:fill:200:200:1/g:ce/czM6Ly9tYXJrZXRhcHAvYy9FUUNBMTRvMS1WV2hTMmVmcW9oXzlNMWJfQTlEdEtUdW9xZm1rbjgzQWJKenduUGkvbi9mYmRkYTE4ZWZjN2JlNjJlMGRhZjZjNDgxMDQ5YTY0Yi53ZWJw","@gigihadid","89,000","~$204,251","offer","","","","https://tonviewer.com/transaction/44af5ea4a1e66e43a0db35ee984d7e9adf1251fabc283d3d2624815b76e22e35","TX","https://marketapp.ws/user/EQA0xsDb-p40kyTehOPVCrCRgVVlVhfhRaDyEEd7GRVygG4P/","EQA0xsDb-p40kyTehOPVCrCRgVVlVhfhRaDyEEd7GRVygG4P","ownershipcoin.t.me","https://marketapp.ws/user/EQBm8kioHPNRvHBG0nttgqeO4eOTEEW_aHxGiW3GLTACtj1D/"
"https://marketapp.ws/nft/EQDagDMT-MIUOx3OXjor7qqwxOkIuuneOpTWbJs9ApCKx4lN/","Mar 10, 2025","Mar 10, 2025, 01:06","https://i2.anton.market/lTdFF0UkEBdAoiSF7OfNPD-RqxnfEyMyaybUQAFuOBw/rs:fill:200:200:1/g:ce/czM6Ly9tYXJrZXRhcHAvYy9FUUNBMTRvMS1WV2hTMmVmcW9oXzlNMWJfQTlEdEtUdW9xZm1rbjgzQWJKenduUGkvbi80YTEzYmY3ZDQzZTU3MzA4NzYxMmFiZGViYmQ5MjhlNy53ZWJw","@chatgpt","80,000","","","","https://marketapp.ws/user/EQCV6CSWDdjiRi2TaDjFDK-yk-eYoZpfYSc9g1-jI03so1zB/","EQCV6CSWDdjiRi2TaDjFDK-yk-eYoZpfYSc9g1-jI03so1zB","https://tonviewer.com/transaction/1d9ac00ecd51b8dad95730fa8c082b76febe421acbc703c4b30c6302e1adcd42","TX","https://marketapp.ws/user/EQAMNRBdo1qJEBXGC0uTjT-N6bxwo_mR9Ld1mnmUbE5V_05g/","EQAMNRBdo1qJEBXGC0uTjT-N6bxwo_mR9Ld1mnmUbE5V_05g","",""
"https://marketapp.ws/nft/EQA7R1A9geFbpfu9XtGGqSMLmUN-B4SbGsnpvBVNodt_7K8k/","Nov 11, 2024","Nov 11, 2024, 20:28","https://i2.anton.market/lVFmrIcqoPoVXXCaDSm8bGFWHx4wG61wREVxrS4K9RI/rs:fill:200:200:1/g:ce/czM6Ly9tYXJrZXRhcHAvYy9FUUNBMTRvMS1WV2hTMmVmcW9oXzlNMWJfQTlEdEtUdW9xZm1rbjgzQWJKenduUGkvbi84YjgzNTk0NjIwYmNkMDYzNjdlYThlMDFiMmRkNzk5Zi53ZWJw","@sevens","77,777","","","","https://marketapp.ws/user/EQDtttuI6zxzkh1CrbeJ1Nook8Wq_mw0dHtAwc5DNrj2CKwl/","EQDtttuI6zxzkh1CrbeJ1Nook8Wq_mw0dHtAwc5DNrj2CKwl","https://tonviewer.com/transaction/1vJNCCmHfltQAF7zsGuUMMBlPTBWAlCHtSnIoGC-4Hs=","TX","https://marketapp.ws/user/EQCRRYWEQKJtrZGnA9_9HQXnZU0qKButJmsAJh7VDp_kIFU3/","EQCRRYWEQKJtrZGnA9_9HQXnZU0qKButJmsAJh7VDp_kIFU3","",""
"https://marketapp.ws/nft/EQCzZ8dAPBpdvj1g-PWrJMJ0rgA79Ae-Ye5QoaueeKDAF478/","Oct 6, 2025","Oct 6, 2025, 22:27","https://i2.anton.market/IjwEQAUk3r7jWRSaEP7SE4lorQdsqt-s_StG5KbV-E0/rs:fill:200:200:1/g:ce/czM6Ly9tYXJrZXRhcHAvYy9FUUNBMTRvMS1WV2hTMmVmcW9oXzlNMWJfQTlEdEtUdW9xZm1rbjgzQWJKenduUGkvbi8xMzE4MDYwNDMwMWMwYWY5OTZkOWI1NmQ5MGNmNThhYi53ZWJw","@anon","69,420","~$198,385","sale","","https://marketapp.ws/user/EQAjeLHN-wi4MKGJECJ3xt-IWA7Yhj2jopvZjSOErVF0MXSS/","EQAjeLHN-wi4MKGJECJ3xt-IWA7Yhj2jopvZjSOErVF0MXSS","https://tonviewer.com/transaction/6588f7dca15701809d9ff0faab8694f87cc1a1d7d45b075c54ce030582a674e2","TX","https://marketapp.ws/user/EQCY9AGdAMn1IBMpBKED41ZymAIyosYhKtxscNBbaaiFO3M9/","EQCY9AGdAMn1IBMpBKED41ZymAIyosYhKtxscNBbaaiFO3M9","",""
"https://marketapp.ws/nft/EQDuPbEhRiDN2lTLdKjsoaJ2teCD0WTHBh1lFtlj3zyE08nC/","Oct 2, 2025","Oct 2, 2025, 02:57","https://i2.anton.market/CgJ98IgEdYPCXjqi1QOCMeUb3Gja5h-Sw4I3-UpTfgY/rs:fill:200:200:1/g:ce/czM6Ly9tYXJrZXRhcHAvYy9FUUNBMTRvMS1WV2hTMmVmcW9oXzlNMWJfQTlEdEtUdW9xZm1rbjgzQWJKenduUGkvbi9hNzMyMzg2MDZlZTQ2NDIwM2RmYzBlZjY1YTBjMDZkOS53ZWJw","@lonely","55,000","~$152,842","","","https://marketapp.ws/user/EQBSf_SxdEhnIo77sg7bCkuzE42N0ewKnup51VWuYBCRu5kA/","EQBSf_SxdEhnIo77sg7bCkuzE42N0ewKnup51VWuYBCRu5kA","https://tonviewer.com/transaction/5b61d8f6a53df9e16a80c3b26104639f3b0dcdc0dd27e52f52bbd902f54825b3","TX","https://marketapp.ws/user/EQAQNCvG6cfH79Hb2I61GN_lGqegVNtOg7mtrYa4jGV9T4cZ/","EQAQNCvG6cfH79Hb2I61GN_lGqegVNtOg7mtrYa4jGV9T4cZ","",""
"https://marketapp.ws/nft/EQASDdOjc9Zv574r27_rsL6BMl6X9Y4UvVBWTPDHx7oXUE7B/","Nov 11, 2025","Nov 11, 2025, 15:56","https://i2.anton.market/ASpglzGqDOeBmf-WlosiP1akTWRehAapyHRxlisDRLY/rs:fill:200:200:1/g:ce/czM6Ly9tYXJrZXRhcHAvYy9FUUNBMTRvMS1WV2hTMmVmcW9oXzlNMWJfQTlEdEtUdW9xZm1rbjgzQWJKenduUGkvbi9hY2Q1ZmIwNTY5YTI5ZjQ1ODI4OTAyMjRkOWVkY2YxNi53ZWJw","@network","50,000","~$104,850","sale","","https://marketapp.ws/user/EQDmik9vZHNuJVih28vym4RasGR-Hr9l1RzrsrwjtRB9Ic9u/","EQDmik9vZHNuJVih28vym4RasGR-Hr9l1RzrsrwjtRB9Ic9u","https://tonviewer.com/transaction/e3ee255b068b2a0cdf3a8b017fc0ef5b34c84ea9347effb712e56501d98dd91b","TX","https://marketapp.ws/user/EQC8_LXvhI5504En-5gijjp925Bjd-ekYwLDheW8MWJFuEnw/","EQC8_LXvhI5504En-5gijjp925Bjd-ekYwLDheW8MWJFuEnw","",""
"https://marketapp.ws/nft/EQDNwNs_1iNeiz5nC1dEFVq_AvhX1LAAKTVn-tBly3e1ry0N/","Jan 16, 2026","Jan 16, 2026, 17:41","https://i2.anton.market/v590OIvskynwge4q5yalXLz1j47DbIZvBb0qsnR2iJs/rs:fill:200:200:1/g:ce/czM6Ly9tYXJrZXRhcHAvYy9FUUNBMTRvMS1WV2hTMmVmcW9oXzlNMWJfQTlEdEtUdW9xZm1rbjgzQWJKenduUGkvbi83MjY1NzE1YjdhYjNiNTI0Y2QxY2ZkNTM0OGE2NDc4OS53ZWJw","@yyyyy","50,000","~$85,141","auction","-","https://marketapp.ws/user/EQA178LCqyqDqA_rtboxeVjVUwkkvpvdAbwFPyJmtoh8OHPb/","EQA178LCqyqDqA_rtboxeVjVUwkkvpvdAbwFPyJmtoh8OHPb","https://tonviewer.com/transaction/0854f71529757fbb1ed8a9550dbb39382abbc898190e4f7f1c14b74eb4dc1930","TX","","","",""
"https://marketapp.ws/nft/EQATdj-69j-QaY4rjP5qwkuuQaFq07-8yt2Md-HuCv_d-J6s/","Mar 13, 2025","Mar 13, 2025, 20:58","https://i2.anton.market/iSLNjA5uMivPiASKu1SH1z4-zYfVCo1QWbZqB7CYigA/rs:fill:200:200:1/g:ce/czM6Ly9tYXJrZXRhcHAvYy9FUUNBMTRvMS1WV2hTMmVmcW9oXzlNMWJfQTlEdEtUdW9xZm1rbjgzQWJKenduUGkvbi84Y2MwNjZmZTg3NWIxMTMxMjM1MDk0Y2U0YTRhMGMwNC53ZWJw","@india","49,645","","","-","","","https://tonviewer.com/transaction/35523df0f26e588326bbbf8cbdd49e989b6bb052d85c4f3eef3756170624da6b","TX","","","india.t.me","https://marketapp.ws/user/EQA8SAad1cjweISrmRuKyngT3GWS_N48HS-dVfRTmhH0yuL8/"
"https://marketapp.ws/nft/EQCWDYqErZMwGgxvzlx6mCyOCiddmk3TNww8h9Lej0OzN2sS/","Jan 26, 2026, 03:15","Jan 26, 2026, 03:15","https://i2.anton.market/wxEGhqJIfsbnlQ7PYb7giGO6_ZCIhGUs58xZnqmhTMM/rs:fill:200:200:1/g:ce/czM6Ly9tYXJrZXRhcHAvYy9FUUNBMTRvMS1WV2hTMmVmcW9oXzlNMWJfQTlEdEtUdW9xZm1rbjgzQWJKenduUGkvbi83ZDQ3ZmIwYTI4N2ViZmViMTU2YTMxNjEzZGUxNDE0Mi53ZWJw","@jackpot","45,000","~$67,448","sale","","https://marketapp.ws/user/EQDHDoysoqPECrTa2pF8Z3fknyYPMwFK3aISff38xNaW6zjr/","EQDHDoysoqPECrTa2pF8Z3fknyYPMwFK3aISff38xNaW6zjr","https://tonviewer.com/transaction/4836290daa54d5ca54338426a5dd845291497975a9021a5dfbbcc0c89b011130","TX","https://marketapp.ws/user/EQD1RzQNe3KQw_WtkEKBNjJc4Q4htziEOUoPk9Gd0oJyi7X0/","EQD1RzQNe3KQw_WtkEKBNjJc4Q4htziEOUoPk9Gd0oJyi7X0","",""
"https://marketapp.ws/nft/EQDXT8cgEgrIrSGIFVZispe0i7EolOsRdR1k2Ro7yyW9Kjxh/","Jul 12, 2025","Jul 12, 2025, 21:34","https://i2.anton.market/OCmcSrb3JunYpplfZA0dBat1nD6u29kDHaH1geyXqeU/rs:fill:200:200:1/g:ce/czM6Ly9tYXJrZXRhcHAvYy9FUUNBMTRvMS1WV2hTMmVmcW9oXzlNMWJfQTlEdEtUdW9xZm1rbjgzQWJKenduUGkvbi84ZTUxYjM2YjVhZDZlMDFkNGY5ZWE4MTI3NmVlMDgyNS53ZWJw","@nigga","45,000","~$131,962","","-","","","https://tonviewer.com/transaction/2da56b4ee108bc1050874beea6f9caf6eb10c13bd67a484489bdfb06892c39a9","TX","","","fame-bid-service.ton","https://marketapp.ws/user/EQDbe5ESC918WMx7tZCHyyqxWd02P-6JcteahPUPek4UHX8e/"
"https://marketapp.ws/nft/EQArAemI4Wsv3ymwZ_pW4IBItkWhsYWuE_6rLGx77AXZmmYV/","Jun 10, 2025","Jun 10, 2025, 18:58","https://i2.anton.market/zpQBpX6wdNTC-NkNN49rVOTWvHgf3edXSRi64yPFOL4/rs:fill:200:200:1/g:ce/czM6Ly9tYXJrZXRhcHAvYy9FUUNBMTRvMS1WV2hTMmVmcW9oXzlNMWJfQTlEdEtUdW9xZm1rbjgzQWJKenduUGkvbi9lNTE2ODdlYmJjNjg4OWZmMTQwOGY3ZDVhZTFhNDZkOC53ZWJw","@chess","44,444","~$148,303","","","https://marketapp.ws/user/EQApsUWagXVz2cOkFSFYTUYwxX7PUqARn0fRZKSz1SS4mQ1A/","EQApsUWagXVz2cOkFSFYTUYwxX7PUqARn0fRZKSz1SS4mQ1A","https://tonviewer.com/transaction/cf6d4581c8766767ad8004b8105aa393f4c120f85d73c070b2dd83b63a3f616e","TX","https://marketapp.ws/user/EQBNPfuHbZasQeqoEHEvE-eiM2drrqbKXm7JLRIBwk-D5y0Y/","EQBNPfuHbZasQeqoEHEvE-eiM2drrqbKXm7JLRIBwk-D5y0Y","",""
"https://marketapp.ws/nft/EQAlxbwUgohw2743Pxk9CKo7yy4Rqy8CkW3howD0myaOoITl/","Dec 30, 2025","Dec 30, 2025, 03:54","https://i2.anton.market/Pz6EZ1_xS_Dt9V35XF8sC9E-iSXbD1BjFjftTpC0iCI/rs:fill:200:200:1/g:ce/czM6Ly9tYXJrZXRhcHAvYy9FUUNBMTRvMS1WV2hTMmVmcW9oXzlNMWJfQTlEdEtUdW9xZm1rbjgzQWJKenduUGkvbi85YTZkNjMxNmZkOGUwODBhNzkyZjUwNTJkNDEwMjRmYi53ZWJw","@nice","44,000","~$69,461","sale","","https://marketapp.ws/user/EQDQkYYm_34TJZTIShyo5r7u7h2GWd0uYpcLZIEWKuG9V_Cf/","EQDQkYYm_34TJZTIShyo5r7u7h2GWd0uYpcLZIEWKuG9V_Cf","https://tonviewer.com/transaction/b69e3a05a297ec82760a16fa514ac2d4864cc7906fbd42dd0822448b4a2e21eb","TX","https://marketapp.ws/user/EQDVgaWOtyTpwxAYrAoEHMe9wSo086x2Q3oLSxKgf5bj4qOk/","EQDVgaWOtyTpwxAYrAoEHMe9wSo086x2Q3oLSxKgf5bj4qOk","",""
"https://marketapp.ws/nft/EQALueyEQ58EACJN0ua596ElGFDZIpk4n2otE3zFTQiVJafW/","Oct 2, 2025","Oct 2, 2025, 02:25","https://i2.anton.market/ICLKS_wxl1J_TsPe5QLnLMCHA0aWT2N4Bl6QLtIs9Bc/rs:fill:200:200:1/g:ce/czM6Ly9tYXJrZXRhcHAvYy9FUUNBMTRvMS1WV2hTMmVmcW9oXzlNMWJfQTlEdEtUdW9xZm1rbjgzQWJKenduUGkvbi9lNjU5ZTZkODY3ZDUxYWYwN2U3ZGZiZDY3NDRlMmMxOC53ZWJw","@weird","42,000","~$116,340","","","https://marketapp.ws/user/EQBSf_SxdEhnIo77sg7bCkuzE42N0ewKnup51VWuYBCRu5kA/","EQBSf_SxdEhnIo77sg7bCkuzE42N0ewKnup51VWuYBCRu5kA","https://tonviewer.com/transaction/75a08887cb38eaf5983ccabde7429585bc46d8ab297634869bc4fd80b478ee6b","TX","https://marketapp.ws/user/EQAQNCvG6cfH79Hb2I61GN_lGqegVNtOg7mtrYa4jGV9T4cZ/","EQAQNCvG6cfH79Hb2I61GN_lGqegVNtOg7mtrYa4jGV9T4cZ","",""
"https://marketapp.ws/nft/EQBZSkyBGWwqsP24oUF4TvrVVpfVve8BAfEmmIIukMLJiC2t/","Oct 10, 2024","Oct 10, 2024, 12:39","https://i2.anton.market/iVFsa0mxBpSr8aoXVHrCBKTS68KoYmE58t_gE6BGmg8/rs:fill:200:200:1/g:ce/czM6Ly9tYXJrZXRhcHAvYy9FUUNBMTRvMS1WV2hTMmVmcW9oXzlNMWJfQTlEdEtUdW9xZm1rbjgzQWJKenduUGkvbi8xOGI0OWY0MzI2ZGMzZGU2MGVjMTVjNmZlNGMyYTc4ZS53ZWJw","@moscow","40,000","","","-","https://marketapp.ws/user/EQCd9KawelGZYY6GqgAKC29nmUWVHzV75SsyEbNhkR2WDj6m/","EQCd9KawelGZYY6GqgAKC29nmUWVHzV75SsyEbNhkR2WDj6m","","","","","",""
"https://marketapp.ws/nft/EQBBF77KKQHQvdrDY9o8xp5mo6_9Jup4vgEyff0wBbsaQrl7/","Dec 24, 2025","Dec 24, 2025, 01:11","https://i2.anton.market/jqKIjW6_xzyj-Y7-H6eGLHDIvG3mGiwu1jonBCGvsCQ/rs:fill:200:200:1/g:ce/czM6Ly9tYXJrZXRhcHAvYy9FUUNBMTRvMS1WV2hTMmVmcW9oXzlNMWJfQTlEdEtUdW9xZm1rbjgzQWJKenduUGkvbi9mYzcxZGMwN2Y2MjI3MGU1OGEyY2M2ZTEwNWNlMzRkMC53ZWJw","@robinhood","37,800","~$55,899","sale","","https://marketapp.ws/user/EQBY-RMac5SRwAO7NObhaDdWH6Mv-D7LARcCwO5g-xXuDjap/","EQBY-RMac5SRwAO7NObhaDdWH6Mv-D7LARcCwO5g-xXuDjap","https://tonviewer.com/transaction/dd50685c1bc3634440718b856010c96942494d153447539b216e5a927ffaa8d3","TX","","","",""
"https://marketapp.ws/nft/EQCm-IEHWZtNJF7D5AIYQcrv2z9tyaVNVqOj8IbRciEquJiQ/","Dec 22, 2025","Dec 22, 2025, 01:38","https://i2.anton.market/-XLkZWus_w40b86wseJxAwG-DaxFniBSfSJvu9--8jE/rs:fill:200:200:1/g:ce/czM6Ly9tYXJrZXRhcHAvYy9FUUNBMTRvMS1WV2hTMmVmcW9oXzlNMWJfQTlEdEtUdW9xZm1rbjgzQWJKenduUGkvbi9jMWM2MmY0MmE4ZjUwNzY4NTIxMGVhOTMyYjVjMmJiYy53ZWJw","@cryptocard","37,000","~$53,935","auction","-","https://marketapp.ws/user/EQBRJkZQx2VtPYQrZjZknUbGzA1q9WgOHhL0-JyG5P9NZ297/","EQBRJkZQx2VtPYQrZjZknUbGzA1q9WgOHhL0-JyG5P9NZ297","https://tonviewer.com/transaction/cf2a301db2de37e9c70f4451dd3db7f7947d8da9ea419465a6dca0ebe19b10eb","TX","","","",""
"https://marketapp.ws/nft/EQAV4dhy6P99ttTuZBkevtmTFWpVA-7UbqrcaLdPg0YwcbKQ/","Oct 9, 2025","Oct 9, 2025, 23:15","https://i2.anton.market/FryiVEqj2F_0GOrwQrd45z5uYuTbwjlg-QuVQegxMvM/rs:fill:200:200:1/g:ce/czM6Ly9tYXJrZXRhcHAvYy9FUUNBMTRvMS1WV2hTMmVmcW9oXzlNMWJfQTlEdEtUdW9xZm1rbjgzQWJKenduUGkvbi9hMmFkZGYwNjNkNTc2NzdjYzk0NzY5YWY2ZjM5YzQ4My53ZWJw","@doom","36,000","~$97,378","","","https://marketapp.ws/user/EQCWzgFupLDgRdsB0RgABSBtTo7OxMo7fv_seED0mGhnYTGk/","EQCWzgFupLDgRdsB0RgABSBtTo7OxMo7fv_seED0mGhnYTGk","https://tonviewer.com/transaction/1300cebd942c47cfb79ac6c0b486aa9ee8fbbdf17903bf5fe9a6929b3e4cd486","TX","https://marketapp.ws/user/EQBSf_SxdEhnIo77sg7bCkuzE42N0ewKnup51VWuYBCRu5kA/","EQBSf_SxdEhnIo77sg7bCkuzE42N0ewKnup51VWuYBCRu5kA","",""
"https://marketapp.ws/nft/EQBdvint_cdYuADhWeGPUjSKnLYNKzHXZpBXLbVLMYNt1_OS/","Oct 9, 2025","Oct 9, 2025, 23:13","https://i2.anton.market/e0OYsbUsgUEoHrsdUGRy0D-0nML3krrF2VsC4-MYidM/rs:fill:200:200:1/g:ce/czM6Ly9tYXJrZXRhcHAvYy9FUUNBMTRvMS1WV2hTMmVmcW9oXzlNMWJfQTlEdEtUdW9xZm1rbjgzQWJKenduUGkvbi9hMDNlYWJmMWFlNDQ1ZTRmMTM3NGU2YmIyNDQwYjEzNC53ZWJw","@pure","36,000","~$97,452","","","https://marketapp.ws/user/EQBSf_SxdEhnIo77sg7bCkuzE42N0ewKnup51VWuYBCRu5kA/","EQBSf_SxdEhnIo77sg7bCkuzE42N0ewKnup51VWuYBCRu5kA","https://tonviewer.com/transaction/f0a3d6b928fab11ccddd385fb139ad4423f8516237f2bb53696b6981074a1882","TX","https://marketapp.ws/user/EQCWzgFupLDgRdsB0RgABSBtTo7OxMo7fv_seED0mGhnYTGk/","EQCWzgFupLDgRdsB0RgABSBtTo7OxMo7fv_seED0mGhnYTGk","",""
"https://marketapp.ws/nft/EQAN3V6w_fzU672yz69OSbQiGpxlWhsVlBeXwFAe8YIEYPoL/","Oct 2, 2025","Oct 2, 2025, 00:49","https://i2.anton.market/i85_2eUNaijK2dsUa11XRauKbTmp0XPamWX11gkJIl0/rs:fill:200:200:1/g:ce/czM6Ly9tYXJrZXRhcHAvYy9FUUNBMTRvMS1WV2hTMmVmcW9oXzlNMWJfQTlEdEtUdW9xZm1rbjgzQWJKenduUGkvbi83OWE1YmI0ODc0MTJhMjg2NGVlODU4NTQ2MjNmYTgwNi53ZWJw","@drug","36,000","~$100,188","","","","","https://tonviewer.com/transaction/cd99a90affd052e723bedd7a3f8b76b63dcf24aaa31c37dedae5f88915f3011e","TX","https://marketapp.ws/user/EQBSf_SxdEhnIo77sg7bCkuzE42N0ewKnup51VWuYBCRu5kA/","EQBSf_SxdEhnIo77sg7bCkuzE42N0ewKnup51VWuYBCRu5kA","plug.ton","https://marketapp.ws/user/EQAhZiSt9QaHXhFK_5aOD69_8zS7hu6jSKqJ9ETq5vIWylQO/"
"https://marketapp.ws/nft/EQACWlWr1I31-y7X-VXb6ycVTE5-seRUZRpfZCRdotHXm7nw/","Oct 5, 2025","Oct 5, 2025, 21:54","https://i2.anton.market/CJi4IcTLa_pY0GKM23093T9fdVN3nmCWpQQ8JYyWgYU/rs:fill:200:200:1/g:ce/czM6Ly9tYXJrZXRhcHAvYy9FUUNBMTRvMS1WV2hTMmVmcW9oXzlNMWJfQTlEdEtUdW9xZm1rbjgzQWJKenduUGkvbi9kODliN2QyYjI0MGE0ODZlY2M0Yzc4ODg3YTgxZTAzMi53ZWJw","@lululemon","35,000.1","~$98,569","offer","","","","https://tonviewer.com/transaction/726229ca6ebc54cebeb9a5ab7b6a18a5693bbadd83035d59eb38abb195241192","TX","https://marketapp.ws/user/EQB0q0BCj1CCPMRXcVxJ67wSxEGGhiYpPV-CgKyPaeNerrx6/","EQB0q0BCj1CCPMRXcVxJ67wSxEGGhiYpPV-CgKyPaeNerrx6","ownershipcoin.t.me","https://marketapp.ws/user/EQBm8kioHPNRvHBG0nttgqeO4eOTEEW_aHxGiW3GLTACtj1D/"
"https://marketapp.ws/nft/EQBcsOeMv3kVMPn02CbACqjxOYxJ0kXHnvso-vG5fGeatG8Z/","Aug 19, 2024","Aug 19, 2024, 03:26","https://i2.anton.market/87gNCkV8Np1LMiZ9w5WRsg8nyhdqF_AR2jnN196fQBI/rs:fill:200:200:1/g:ce/czM6Ly9tYXJrZXRhcHAvYy9FUUNBMTRvMS1WV2hTMmVmcW9oXzlNMWJfQTlEdEtUdW9xZm1rbjgzQWJKenduUGkvbi80NjQ0YWYyMDY2NDgzNDBhYTM5NTc4NTEwY2EzNWJmNC53ZWJw","@shitcoin","31,300","","","","https://marketapp.ws/user/EQA3_pldtIYNgDfkX-z_BZg_umtr9shwoCBg6QpFMd5QZuo3/","EQA3_pldtIYNgDfkX-z_BZg_umtr9shwoCBg6QpFMd5QZuo3","","","https://marketapp.ws/user/EQCwHcDqA9MQbLpZfCveK9iJ7sRwQH73KQTDBTBvKUfY31GO/","EQCwHcDqA9MQbLpZfCveK9iJ7sRwQH73KQTDBTBvKUfY31GO","",""
"https://marketapp.ws/nft/EQCcMRfxK0m48mYsRmO-dQrIjqSHO0THSnuKBBnSl_j2dXa1/","Nov 18, 2025","Nov 18, 2025, 01:36","https://i2.anton.market/fMRh2f6Iq7pqUgLlWHx9c7vMnCBa0xW1OSQGyCZ6DxI/rs:fill:200:200:1/g:ce/czM6Ly9tYXJrZXRhcHAvYy9FUUNBMTRvMS1WV2hTMmVmcW9oXzlNMWJfQTlEdEtUdW9xZm1rbjgzQWJKenduUGkvbi8xMmJmOWY0M2U4YmEyMmI4YThhNGE4YjEyYWZjZWYyYy53ZWJw","@captain","30,000","~$52,696","auction","","https://marketapp.ws/user/EQBX_hqvJOk3yYSWcjYzlqua5CPoOEfQn9jwADmYsYxjXRpF/","EQBX_hqvJOk3yYSWcjYzlqua5CPoOEfQn9jwADmYsYxjXRpF","https://tonviewer.com/transaction/dc123476ac0c1c6090f99fe879f19c982e321dd55ba068b5b1be7f37cc3b7ca7","TX","https://marketapp.ws/user/EQAE6mpg6qbdvDgdBY87vff1DaYrpJdZt8xFIk0D_9wsKxIn/","EQAE6mpg6qbdvDgdBY87vff1DaYrpJdZt8xFIk0D_9wsKxIn","",""
"https://marketapp.ws/nft/EQBikVsiuuJAAXlEmWgZ38jlgrAPkB00CHpuGlxGxRCL8cF0/","Sep 24, 2025","Sep 24, 2025, 14:52","https://i2.anton.market/BkX6Cs00XJvaXTOi1nejnEZ5ivAGdlxZtLae9d6nang/rs:fill:200:200:1/g:ce/czM6Ly9tYXJrZXRhcHAvYy9FUUNBMTRvMS1WV2hTMmVmcW9oXzlNMWJfQTlEdEtUdW9xZm1rbjgzQWJKenduUGkvbi9mOWQ5NzhiMGM4ZGIyNDJmNjJjZGM2YWM4YWM4MGUyOS53ZWJw","@waltdisney","30,000","~$84,825","offer","","","","https://tonviewer.com/transaction/7697bcb995df1717c90ea69462ada05ec20fb4a3e91421091b6a2f345fe6541d","TX","https://marketapp.ws/user/EQBBqAWUFt7L7dDAgpzDJni3MmLV6CEkwkSvJA-maxc_-Z6L/","EQBBqAWUFt7L7dDAgpzDJni3MmLV6CEkwkSvJA-maxc_-Z6L","ownershipcoin.t.me","https://marketapp.ws/user/EQBm8kioHPNRvHBG0nttgqeO4eOTEEW_aHxGiW3GLTACtj1D/"
"https://marketapp.ws/nft/EQCB8LjdBbcWHHFg1JhYm8QqOgKOQW8aaaTXXQh5exv8GLcp/","Jan 18, 2026","Jan 18, 2026, 20:00","https://i2.anton.market/scCvfO9P7r5rTjtrpBVjYD3MaxePhrcj0ALuyQkrL1E/rs:fill:200:200:1/g:ce/czM6Ly9tYXJrZXRhcHAvYy9FUUNBMTRvMS1WV2hTMmVmcW9oXzlNMWJfQTlEdEtUdW9xZm1rbjgzQWJKenduUGkvbi9hNzNhODkwMWI0NjQxZDZlNWY1NzA2YjU2ZDFkYTI1Yy53ZWJw","@zcash","30,000","~$51,725","sale","","","","https://tonviewer.com/transaction/7fee46ca6568f532f107357fe466fc0d8384f74cd7e93139127f3d2113118106","TX","","","fame-bid-service.ton","https://marketapp.ws/user/EQDbe5ESC918WMx7tZCHyyqxWd02P-6JcteahPUPek4UHX8e/"
"https://marketapp.ws/nft/EQB4P2hfLzRpm8LAcF8Q2A2j2CRNhr0lUdojAyx9t15NqPWs/","Dec 29, 2025","Dec 29, 2025, 03:22","https://i2.anton.market/6JXJh19axRQft-Urc-QGwt7ayup4JWTxf5OE2ZtcXdE/rs:fill:200:200:1/g:ce/czM6Ly9tYXJrZXRhcHAvYy9FUUNBMTRvMS1WV2hTMmVmcW9oXzlNMWJfQTlEdEtUdW9xZm1rbjgzQWJKenduUGkvbi9iYjY2NmI1ZjhkYjdiNzQ2OTFjN2FkOWU5OTE4ZWIyZC53ZWJw","@fjdy","29,295","~$48,081","auction","-","https://marketapp.ws/user/EQCnHr8ENZQT4zr557jmhSjrHdEQx6GRmACJF3LL8X6nF4bD/","EQCnHr8ENZQT4zr557jmhSjrHdEQx6GRmACJF3LL8X6nF4bD","https://tonviewer.com/transaction/f55780202e62110810fb3b4c3021a168f77032eecdc20f2854eb9ec8df4498b3","TX","","","",""
"https://marketapp.ws/nft/EQBNB2ydXmCNyu5sJUZc__b0TkfsHV_cPRUn67sc36t8pHmN/","Jan 20, 2026","Jan 20, 2026, 07:56","https://i2.anton.market/ALpS_k_srl0g6rp7mJ6IqYFHomQbRhvXeQ_lZj1hno4/rs:fill:200:200:1/g:ce/czM6Ly9tYXJrZXRhcHAvYy9FUUNBMTRvMS1WV2hTMmVmcW9oXzlNMWJfQTlEdEtUdW9xZm1rbjgzQWJKenduUGkvbi80YTEzMjZkOGQyMThiZTMyZGNjODYzYjkxMTlmMTI3YS53ZWJw","@baobei","28,942","~$45,422","auction","-","","","https://tonviewer.com/transaction/3527c38edb385373ea446db56e099d91a72ff7f89b84d99b711e0f8dbfaefddb","TX","","","yaoyiyao.ton","https://marketapp.ws/user/EQBGfgge9lN5aOijF-S8stfV8nFqq3jcbc-K1fsZlry9e8hL/"
"https://marketapp.ws/nft/EQC1bPtpzbsOm8h0oNZhDOSKOwg4-jwLaCiyWKfXNwCi0mwS/","Jul 8, 2024","Jul 8, 2024, 10:56","https://i2.anton.market/plxfeM6sFZCSV5TbGHWYsAOb2BJeYOxjWi8bYR1WFB0/rs:fill:200:200:1/g:ce/czM6Ly9tYXJrZXRhcHAvYy9FUUNBMTRvMS1WV2hTMmVmcW9oXzlNMWJfQTlEdEtUdW9xZm1rbjgzQWJKenduUGkvbi8xZTAwNDlmZGI5MGEwOTVhZDI5N2Y1ZjBjOTJkMjNkNC53ZWJw","@mari","28,024","","","","https://marketapp.ws/user/EQC4Jx7wNJ67xSlvLkIJ3zCegdQCT3-hBE9IQF4mmjRku9_0/","EQC4Jx7wNJ67xSlvLkIJ3zCegdQCT3-hBE9IQF4mmjRku9_0","","","","","",""
"https://marketapp.ws/nft/EQANYiaL_YqDtu_lKP68WQyRqBahDp7PGFsFW6Lwke5_ZIAk/","Sep 21, 2025","Sep 21, 2025, 21:13","https://i2.anton.market/_kuzXrtImODbRv9BVOKKjpPHZAtwRSeMUBAsr-86r6g/rs:fill:200:200:1/g:ce/czM6Ly9tYXJrZXRhcHAvYy9FUUNBMTRvMS1WV2hTMmVmcW9oXzlNMWJfQTlEdEtUdW9xZm1rbjgzQWJKenduUGkvbi85NDI5N2VlYmI5YmIwZjE1Zjk0YmE1NDQyNzExYThkZC53ZWJw","@banksy","28,000","~$85,610","offer","","","","https://tonviewer.com/transaction/365444ec4cb51e4f1149b09af64987924aa0e348f5f49371b09dbf5005dfd9aa","TX","https://marketapp.ws/user/EQB_sGdjFgsTwhRh24tN-8jOt3_l7oe7oVcZBQschsPaMHWM/","EQB_sGdjFgsTwhRh24tN-8jOt3_l7oe7oVcZBQschsPaMHWM","ownershipcoin.t.me","https://marketapp.ws/user/EQBm8kioHPNRvHBG0nttgqeO4eOTEEW_aHxGiW3GLTACtj1D/"
"https://marketapp.ws/nft/EQAJo24zJWJc-_r50PPNmj0Dedq_3Xp61KB8BSVN8JrZSQs3/","Sep 5, 2025","Sep 5, 2025, 03:59","https://i2.anton.market/3vHMnckdquuVgpTBC5HWP4Knx8RbjJFaGDPH9a74p8U/rs:fill:200:200:1/g:ce/czM6Ly9tYXJrZXRhcHAvYy9FUUNBMTRvMS1WV2hTMmVmcW9oXzlNMWJfQTlEdEtUdW9xZm1rbjgzQWJKenduUGkvbi9mZWEyZTcyZTE1MDg1MDk2YWI4NTMzZTNlZWQ4NTM4OS53ZWJw","@john","27,000","~$83,908","","","https://marketapp.ws/user/EQB0xeidQSWKpwJSTq4qHM8w28jmYvpqM_00TD1S2kwhL8I7/","EQB0xeidQSWKpwJSTq4qHM8w28jmYvpqM_00TD1S2kwhL8I7","https://tonviewer.com/transaction/ec499082a347d4ffad177f5b07ed9d9e13d11b18585c34a3a844ee5924aa636d","TX","","","",""
"https://marketapp.ws/nft/EQDjVqY1LORiKWMT1ivs66diRuAo_dVtPGgcoAK42jHccmff/","Dec 13, 2024","Dec 13, 2024, 19:30","https://i2.anton.market/CmBOMdoPkl6K_uvtLOJcaAx-UXN6Cy0pCqb8-uBNLLs/rs:fill:200:200:1/g:ce/czM6Ly9tYXJrZXRhcHAvYy9FUUNBMTRvMS1WV2hTMmVmcW9oXzlNMWJfQTlEdEtUdW9xZm1rbjgzQWJKenduUGkvbi85ZjU2NTU0NzUzNzI0OGM3NGExMDdiYTM0MzY1ZDc4NS53ZWJw","@gambling","27,000","","","","https://marketapp.ws/user/EQCRRYWEQKJtrZGnA9_9HQXnZU0qKButJmsAJh7VDp_kIFU3/","EQCRRYWEQKJtrZGnA9_9HQXnZU0qKButJmsAJh7VDp_kIFU3","https://tonviewer.com/transaction/TvhoFYpZXFtTXdUX1SjQ2vEZcWWxY-jvtvpA29m2Onk=","TX","","","",""
"https://marketapp.ws/nft/EQAsnv_dK4ilZkIgWaNubVScn8PBrIF-MlIy0g-qribbC2Q2/","Sep 23, 2025","Sep 23, 2025, 07:53","https://i2.anton.market/HpUhRoglam8JEXwbs5394-IMKs_plfImu6RnLlPayEM/rs:fill:200:200:1/g:ce/czM6Ly9tYXJrZXRhcHAvYy9FUUNBMTRvMS1WV2hTMmVmcW9oXzlNMWJfQTlEdEtUdW9xZm1rbjgzQWJKenduUGkvbi9kZDRkMTlhMGU2MzA3NTlmNjA0ZWUwNGFlOGNkYzY3NC53ZWJw","@quit","26,000","~$71,734","","","","","https://tonviewer.com/transaction/d7535a95ab2bf5b1740e21e67a5a3600340d82554794054df0c539a374aaca64","TX","https://marketapp.ws/user/EQBSf_SxdEhnIo77sg7bCkuzE42N0ewKnup51VWuYBCRu5kA/","EQBSf_SxdEhnIo77sg7bCkuzE42N0ewKnup51VWuYBCRu5kA","incel.ton","https://marketapp.ws/user/EQBCAFk0hnRIXZRTKeoxFXo9BwoQKTKt5aU9OpboPE7psgn1/"
"https://marketapp.ws/nft/EQC2Y_KPTuUdEHI965bIQmZjE1E-Znz1Juf3EEjiv3FeKHRm/","Nov 23, 2025","Nov 23, 2025, 09:48","https://i2.anton.market/7TtdbfOPQsrMgotmvDgn3LHYIMXI9V9Z3fnCpECBKwQ/rs:fill:200:200:1/g:ce/czM6Ly9tYXJrZXRhcHAvYy9FUUNBMTRvMS1WV2hTMmVmcW9oXzlNMWJfQTlEdEtUdW9xZm1rbjgzQWJKenduUGkvbi9jNDhmNjY4NWFjN2RiNWU1MTliMzdkYzNmYmZhMzQwMy53ZWJw","@qrcode","25,000","~$38,360","sale","","https://marketapp.ws/user/EQAHbKMjckLY5n3kSqw0fkDqzxM7jU3M6wlVUIEgsEK1NRMl/","EQAHbKMjckLY5n3kSqw0fkDqzxM7jU3M6wlVUIEgsEK1NRMl","https://tonviewer.com/transaction/1aa8ddfbb00f81506ce5b26b8592925197a3644947b473bb75129fb0e1156a73","TX","","","",""
"https://marketapp.ws/nft/EQDms-lG_CtFa71EDUs4mIryl5QJbkTiObiWwpkmdnno2gb-/","Oct 6, 2024","Oct 6, 2024, 00:42","https://i2.anton.market/B3nos2lG6Fiv3ZBF-w5wveRyAPF4tyyZP3zXyxMYkmQ/rs:fill:200:200:1/g:ce/czM6Ly9tYXJrZXRhcHAvYy9FUUNBMTRvMS1WV2hTMmVmcW9oXzlNMWJfQTlEdEtUdW9xZm1rbjgzQWJKenduUGkvbi9kMDZlZjcxZDE3MWM5NDg1MWE2OWRlNWNmNjkxN2VhYi53ZWJw","@kill","24,149","","","","https://marketapp.ws/user/EQDjFbgO4bEo6pSqfHItwuCfu32PQR0kLoS2q8ZMn2dgUCK6/","EQDjFbgO4bEo6pSqfHItwuCfu32PQR0kLoS2q8ZMn2dgUCK6","","","https://marketapp.ws/user/EQBrZDctDpR0TeblICLm8FI0XY77WgIp_e4LtzWUMeJfu2y_/","EQBrZDctDpR0TeblICLm8FI0XY77WgIp_e4LtzWUMeJfu2y_","",""
"https://marketapp.ws/nft/EQBCy-4UdH29pXr9tL3cp3m8qz3bEMd6VZ-gU3Xxb0hHY-KV/","Jan 14, 2025","Jan 14, 2025, 22:33","https://i2.anton.market/VPfG4wm2MtJpT-UDLg6mHH_aNhknLzKD8o_ZPzTVYGc/rs:fill:200:200:1/g:ce/czM6Ly9tYXJrZXRhcHAvYy9FUUNBMTRvMS1WV2hTMmVmcW9oXzlNMWJfQTlEdEtUdW9xZm1rbjgzQWJKenduUGkvbi8yMjE5OTFlY2VlMjU4YjVmMzkzMzc4NDIyMmE1YjNlZi53ZWJw","@clown","24,000","","","-","","","https://tonviewer.com/transaction/xFXjWKRPF_IP-aBo14QPkqogSUncivt9XufdNmx-RD4=","TX","","","plug.ton","https://marketapp.ws/user/EQAhZiSt9QaHXhFK_5aOD69_8zS7hu6jSKqJ9ETq5vIWylQO/"
"https://marketapp.ws/nft/EQBj7FEAsXWTfqWVpAIQgVH-bKrViJbpLRikaKJRZ5ERPZN6/","Jan 26, 2026, 10:06","Jan 26, 2026, 10:06","https://i2.anton.market/QevxZLeMjP9yWtuEHYUGuRVeM7UcANm2hgNLt9AIY3E/rs:fill:200:200:1/g:ce/czM6Ly9tYXJrZXRhcHAvYy9FUUNBMTRvMS1WV2hTMmVmcW9oXzlNMWJfQTlEdEtUdW9xZm1rbjgzQWJKenduUGkvbi82ZWEzYTNlNGM0NjZkMGZiNTFhMDIxNmRmMWRjMDc5YS53ZWJw","@jake","23,334","~$35,494","auction","-","","","https://tonviewer.com/transaction/06133ccf59cd8ab71e8956553122b63a2c42d5f4cfafc4cdca0c682bf74d9282","TX","","","plug.ton","https://marketapp.ws/user/EQAhZiSt9QaHXhFK_5aOD69_8zS7hu6jSKqJ9ETq5vIWylQO/"
"https://marketapp.ws/nft/EQCMDd5LfXgSW3dkz3eAHNrhfWjYu9iBy7-0bbUrCuPVn-3w/","Sep 20, 2025","Sep 20, 2025, 09:22","https://i2.anton.market/hBoE-u101lP2cUduUU5HOEnj0zvhDST7OQUaSdvMFmo/rs:fill:200:200:1/g:ce/czM6Ly9tYXJrZXRhcHAvYy9FUUNBMTRvMS1WV2hTMmVmcW9oXzlNMWJfQTlEdEtUdW9xZm1rbjgzQWJKenduUGkvbi9lYmEyZjEzMTZiYmQ4MzlhYTZkODIyZjdhNTJlMmU0Mi53ZWJw","@usat","23,153","~$71,848","","-","https://marketapp.ws/user/EQCXtn6OhQHsy8Wo_7RZsGC7mFyxZK9ZEUQLEyJor_vGgcC-/","EQCXtn6OhQHsy8Wo_7RZsGC7mFyxZK9ZEUQLEyJor_vGgcC-","https://tonviewer.com/transaction/66051ab4a4648eb933ff3974fd6d47352eee1d1d494cd66f55dc60fddf8e26dc","TX","","","",""
"https://marketapp.ws/nft/EQBxWCPPI024P3VrIlyowg0OGEeiT5_n1K3r7Np7H_58xBex/","Nov 13, 2024","Nov 13, 2024, 13:50","https://i2.anton.market/8yo9U6vYr3hGXGAWHe5JbiQYEEhoh7Pq72WyDt7ybyg/rs:fill:200:200:1/g:ce/czM6Ly9tYXJrZXRhcHAvYy9FUUNBMTRvMS1WV2hTMmVmcW9oXzlNMWJfQTlEdEtUdW9xZm1rbjgzQWJKenduUGkvbi83ZTdjZThmZDY2ZDQzNzg5YmY2NmUxMzFhYTI4ZTI5Yy53ZWJw","@dark","22,950","","","","https://marketapp.ws/user/EQAFpubGtfjeayArGooG5y3Xe4vu9xlzuCHY8kNc8Y0iSE7v/","EQAFpubGtfjeayArGooG5y3Xe4vu9xlzuCHY8kNc8Y0iSE7v","https://tonviewer.com/transaction/VJtiCHBoC0ZnOSZCq0TLk8O_BSPs_RZkbVspkxj8On4=","TX","https://marketapp.ws/user/EQD430RTnGaogZeddX6Wp5U_DdE_KwmWTeJtJeCAggNy1FRY/","EQD430RTnGaogZeddX6Wp5U_DdE_KwmWTeJtJeCAggNy1FRY","",""
"https://marketapp.ws/nft/EQDbUivVxqh5aUdU4Ty6m-zdKaTuwo_7yLNrJqB6u573NPzj/","Apr 28, 2025","Apr 28, 2025, 04:19","https://i2.anton.market/NNve-1CTi0UykCz6BYepCbxv24MhA3lyyK1s_EnDL5U/rs:fill:200:200:1/g:ce/czM6Ly9tYXJrZXRhcHAvYy9FUUNBMTRvMS1WV2hTMmVmcW9oXzlNMWJfQTlEdEtUdW9xZm1rbjgzQWJKenduUGkvbi9jZjAwZDg1OTk1OWYyMWIwZDU2NWNjNzcyNDVkNzI3YS53ZWJw","@pain","22,000","~$72,116","","","","","https://tonviewer.com/transaction/40bdbfc84468eb04b57eafcda7b6cbb2203107c9aad2ef89ef9b545695bd51ca","TX","https://marketapp.ws/user/EQDjFbgO4bEo6pSqfHItwuCfu32PQR0kLoS2q8ZMn2dgUCK6/","EQDjFbgO4bEo6pSqfHItwuCfu32PQR0kLoS2q8ZMn2dgUCK6","plug.ton","https://marketapp.ws/user/EQAhZiSt9QaHXhFK_5aOD69_8zS7hu6jSKqJ9ETq5vIWylQO/"
"https://marketapp.ws/nft/EQAF8vCLE6E48ida6i0DK8vBmsFCGOIqqK-5A2mXjaxl6te7/","May 2, 2025","May 2, 2025, 14:01","https://i2.anton.market/dHeoU6aQJR5ne78xOGVToEFrg4Kk-gpBWHNhbxOHdJc/rs:fill:200:200:1/g:ce/czM6Ly9tYXJrZXRhcHAvYy9FUUNBMTRvMS1WV2hTMmVmcW9oXzlNMWJfQTlEdEtUdW9xZm1rbjgzQWJKenduUGkvbi9kMTI3N2UzZjAwZTI5NGEwYzQ1NDFiOGI5NTkwMWU0YS53ZWJw","@banking","22,000","~$70,212","sale","","","","https://tonviewer.com/transaction/f4246719b99b90796e4a90cd23ee08838b3cb7b95136fa7961c68e8c2ad649eb","TX","https://marketapp.ws/user/EQC8_LXvhI5504En-5gijjp925Bjd-ekYwLDheW8MWJFuEnw/","EQC8_LXvhI5504En-5gijjp925Bjd-ekYwLDheW8MWJFuEnw","x5group.t.me","https://marketapp.ws/user/EQCp3yuAlaXUf87j060MTy2rxLrCuT22ofKpBiNp5IcZIALH/"
"https://marketapp.ws/nft/EQDrtPMQRv-_0ZPmFfE1mm1f1gfm_t-vAJlOfGit5rdGcEgn/","Dec 14, 2024","Dec 14, 2024, 12:57","https://i2.anton.market/a9SQDpzfnQzLgV7RP5VzInZve4leuvsilqKhIARCPjw/rs:fill:200:200:1/g:ce/czM6Ly9tYXJrZXRhcHAvYy9FUUNBMTRvMS1WV2hTMmVmcW9oXzlNMWJfQTlEdEtUdW9xZm1rbjgzQWJKenduUGkvbi9hNmIzOWM2YjUwODkxMjI1NjY1NGViNTJlZjY5YzZjZi53ZWJw","@startup","21,111","","","-","https://marketapp.ws/user/EQBNPfuHbZasQeqoEHEvE-eiM2drrqbKXm7JLRIBwk-D5y0Y/","EQBNPfuHbZasQeqoEHEvE-eiM2drrqbKXm7JLRIBwk-D5y0Y","https://tonviewer.com/transaction/INKr6M9HHVX7hQVz6ctUbsi26axkGs_aaJyjZEPx_uw=","TX","","","",""
"https://marketapp.ws/nft/EQDWE-D7s1Whv0kcsKRF-t1eJU382hClFDEU-HLaFNg5rgSM/","40 minutes ago","40 minutes ago","https://i2.anton.market/VKrHqVaWKXlIHUDo7sTu42tJllPXwcA9Eoy6x3gdYF0/rs:fill:200:200:1/g:ce/czM6Ly9tYXJrZXRhcHAvYy9FUUNBMTRvMS1WV2hTMmVmcW9oXzlNMWJfQTlEdEtUdW9xZm1rbjgzQWJKenduUGkvbi8zMzRiN2NjZWE0MjhlY2VlOGQyNDcwZjgxZjNhZWYwZi53ZWJw","@taobao","21,000","~$31,749","auction","-","https://marketapp.ws/user/EQB5lLAGlhga_nd4ly2cnmBXz56BBlSJ4a6_Zv7krA8pIdlg/","EQB5lLAGlhga_nd4ly2cnmBXz56BBlSJ4a6_Zv7krA8pIdlg","https://tonviewer.com/transaction/28aaa90a32b4ede263514fd8b0d4c2b54206962edcc7733e0a3c5c531bd540f5","TX","","","",""
"https://marketapp.ws/nft/EQDmTm_UtiDxdafx_oiHD9czhot7zhIWan7H-yoQw62mD2vs/","Jan 2, 2026","Jan 2, 2026, 06:47","https://i2.anton.market/6XPxAhj376yR0QFi4I7foL4HhhOgsT34saNbOdQh3b0/rs:fill:200:200:1/g:ce/czM6Ly9tYXJrZXRhcHAvYy9FUUNBMTRvMS1WV2hTMmVmcW9oXzlNMWJfQTlEdEtUdW9xZm1rbjgzQWJKenduUGkvbi9mNTdhNjM5NDJiNWNmZTc5OGI5ZDFhZWIxODNhMzc4Ni53ZWJw","@trap","20,000","~$33,347","sale","","","","https://tonviewer.com/transaction/c59b05852600938be2ef348c8325d56e6faa5e6a878e5189ccb6a5d9bf963885","TX","","","clark-bid-wallet.ton","https://marketapp.ws/user/EQBLdSO6JK0uWkJdphKMDXEAggzFeLNlgOZBvMFgcCdRWK2H/"
"https://marketapp.ws/nft/EQDHAEtb0BPZzJHtJgG_lhKQ55ctisTbRI4YTwOJuFbclNfu/","Dec 25, 2025","Dec 25, 2025, 07:27","https://i2.anton.market/yThHvLrokV6NoB2PCoJuycHrUa9zzFaLdK1bhKvUfOw/rs:fill:200:200:1/g:ce/czM6Ly9tYXJrZXRhcHAvYy9FUUNBMTRvMS1WV2hTMmVmcW9oXzlNMWJfQTlEdEtUdW9xZm1rbjgzQWJKenduUGkvbi8wNTdlMzYzNDFmZTY0ZDQxYTc4OTk4OWZlMWNlOWIyMS53ZWJw","@qplus","20,000","~$30,271","auction","-","https://marketapp.ws/user/EQANjDxwYvZDyI2R2UqyNSJ85xJO80ewlkBltwgY1S8_gjkf/","EQANjDxwYvZDyI2R2UqyNSJ85xJO80ewlkBltwgY1S8_gjkf","https://tonviewer.com/transaction/f286260187995f8d89e0b4c3e4c66a4d578fe9d4399702c0928fc3af4a7cd7f3","TX","","","",""
"https://marketapp.ws/nft/EQBWX7FnMwcG7s3rsA781sfljEKNXXjqZ8G28a6oQFewCMGl/","Sep 29, 2025","Sep 29, 2025, 15:57","https://i2.anton.market/_V5HSccEOnLk5PwTzDUv-V5uHwUDcyp41baSfCPAOs8/rs:fill:200:200:1/g:ce/czM6Ly9tYXJrZXRhcHAvYy9FUUNBMTRvMS1WV2hTMmVmcW9oXzlNMWJfQTlEdEtUdW9xZm1rbjgzQWJKenduUGkvbi9kYzY4MzM4MWNkYjdkYjgzMjExOWI4YWE2YWE2NzE0Yi53ZWJw","@lazy","20,000","~$53,522","","","https://marketapp.ws/user/EQCWyCD-F1WSaanXfopf6MYabs2No2arCeyWJIMLyTLnF1au/","EQCWyCD-F1WSaanXfopf6MYabs2No2arCeyWJIMLyTLnF1au","https://tonviewer.com/transaction/de08d960fcc5766e516ce9ca1fc8cc16f6065bd718f7de8d066b4839579211c0","TX","https://marketapp.ws/user/EQAw8CRJo55I4oq-irsWJnnAZAXl8lGVdHgQzpLOjOMzxpuc/","EQAw8CRJo55I4oq-irsWJnnAZAXl8lGVdHgQzpLOjOMzxpuc","",""
"https://marketapp.ws/nft/EQAeo9InyGo_LmVRDArwlV_URfhNhnxl453VOMagSZmxehKj/","Sep 21, 2025","Sep 21, 2025, 20:22","https://i2.anton.market/LbKq2Y2eIGiNUII_cLBRGwZVtuOjYnJ60pxcBb_M0JY/rs:fill:200:200:1/g:ce/czM6Ly9tYXJrZXRhcHAvYy9FUUNBMTRvMS1WV2hTMmVmcW9oXzlNMWJfQTlEdEtUdW9xZm1rbjgzQWJKenduUGkvbi82ODNkYTkyYmYzOTRjZjc4N2YzYTExMGM3ODRmYWE0Yy53ZWJw","@oliviarodrigo","20,000","~$61,300","offer","","","","https://tonviewer.com/transaction/097117b2f20bf5dd5552365fb62e5fa0d7b91f642bf6520f1e0b06e04262aa72","TX","https://marketapp.ws/user/EQAV-tpcuWxUu28YZHzboUEJcfwSFeY60aTwLRlC1zmjbFJ0/","EQAV-tpcuWxUu28YZHzboUEJcfwSFeY60aTwLRlC1zmjbFJ0","ownershipcoin.t.me","https://marketapp.ws/user/EQBm8kioHPNRvHBG0nttgqeO4eOTEEW_aHxGiW3GLTACtj1D/"
"https://marketapp.ws/nft/EQCUMt00trVlnNDtVN61IbHJ-YtAcXxpfA4f0MdMZl7vjeXZ/","Sep 1, 2025","Sep 1, 2025, 18:04","https://i2.anton.market/pXweiVcsimInzrmlIuJl2yvgeR4NzbZOCEkUlULa9MY/rs:fill:200:200:1/g:ce/czM6Ly9tYXJrZXRhcHAvYy9FUUNBMTRvMS1WV2hTMmVmcW9oXzlNMWJfQTlEdEtUdW9xZm1rbjgzQWJKenduUGkvbi9iMTZmNTAxMjZjZDg2MTk4NmE3NjVhNGVjNmQwMDM5NC53ZWJw","@song","20,000","~$62,758","offer","","https://marketapp.ws/user/EQCi6XjVYLOKUvGglHAkDs8rX6r6fOrU0_gjSIbPKLzYoSlk/","EQCi6XjVYLOKUvGglHAkDs8rX6r6fOrU0_gjSIbPKLzYoSlk","https://tonviewer.com/transaction/777ddaa9fcd868c2a251170a32c288f5a8fad927d935d2a0ef9892efa65bc501","TX","","","",""
"https://marketapp.ws/nft/EQBYaSThRpbIo5Nap-GnSUXOO8AqRYl9-uQoL0X1diW8IFWy/","Jun 23, 2025","Jun 23, 2025, 18:24","https://i2.anton.market/4RXE6OdnAY0Z7DNAp6N1GU14Vu492CM3_u5sD4WICZw/rs:fill:200:200:1/g:ce/czM6Ly9tYXJrZXRhcHAvYy9FUUNBMTRvMS1WV2hTMmVmcW9oXzlNMWJfQTlEdEtUdW9xZm1rbjgzQWJKenduUGkvbi81MzI2MzcwM2IyNGQ3NjNlODg5OWU5MjM3ZDU2ZTIwZi53ZWJw","@giftcard","20,000","~$56,449","","-","https://marketapp.ws/user/EQBY-RMac5SRwAO7NObhaDdWH6Mv-D7LARcCwO5g-xXuDjap/","EQBY-RMac5SRwAO7NObhaDdWH6Mv-D7LARcCwO5g-xXuDjap","https://tonviewer.com/transaction/04b7597c9f3f36b125dfc453c70b5d21b3bc8cf17bd8cd37fbbe0aa58af19a37","TX","","","",""
"https://marketapp.ws/nft/EQDUFkp8UFS26PyMY9Xs2EvS1iWvVlC73IfrLr6KosFEus0t/","Jan 24, 2025","Jan 24, 2025, 03:55","https://i2.anton.market/E0j6A9E-qRmDqSmfV5ZU4gwl8HuJH7Lv6TmpUmcHjms/rs:fill:200:200:1/g:ce/czM6Ly9tYXJrZXRhcHAvYy9FUUNBMTRvMS1WV2hTMmVmcW9oXzlNMWJfQTlEdEtUdW9xZm1rbjgzQWJKenduUGkvbi8wOTY0ZGVmNjU2MWJmZTJhZTRkOTNkMzQ0YWYzYjFjZS53ZWJw","@shuffle","20,000","","","-","https://marketapp.ws/user/EQDgD590je7qHo68bnikbGCt8TRHTNaUHP1JdmBcvjmlzkwE/","EQDgD590je7qHo68bnikbGCt8TRHTNaUHP1JdmBcvjmlzkwE","https://tonviewer.com/transaction/8DJmJvZd3vubXGkK44erQRMD4EWxFhrdfUaJvPe8V8s=","TX","","","",""
"https://marketapp.ws/nft/EQA1g6cUB5dJ2oQfIJ0Vk7GkN7lkqpsHEM8cZ6VJmmVysxjV/","Oct 23, 2025","Oct 23, 2025, 10:37","https://i2.anton.market/SPxOvFKABrbIniYGDpmxghfb_EoNDBGIO3oTpXtLtV8/rs:fill:200:200:1/g:ce/czM6Ly9tYXJrZXRhcHAvYy9FUUNBMTRvMS1WV2hTMmVmcW9oXzlNMWJfQTlEdEtUdW9xZm1rbjgzQWJKenduUGkvbi8xZjg3OGE0YzI3MWRlYWZmZWU2ZDA0MzZmZjRjYzBjNS53ZWJw","@incel","20,000","~$42,463","auction","-","","","https://tonviewer.com/transaction/55d9c8c387cf03ccbca74ac911c556a3bc401bbed57ddf6541527fab03fc8395","TX","","","incel.ton","https://marketapp.ws/user/EQBCAFk0hnRIXZRTKeoxFXo9BwoQKTKt5aU9OpboPE7psgn1/"
"https://marketapp.ws/nft/EQCdl5HHy3Apq4BnVhc32W0tKVoIwQZ1aHMu7Rc-Q5G-Gpxr/","Oct 5, 2025","Oct 5, 2025, 13:46","https://i2.anton.market/Ggug1o95EPgGIaaW3QqOJdomIUgETI0wXXJmYv0ZI34/rs:fill:200:200:1/g:ce/czM6Ly9tYXJrZXRhcHAvYy9FUUNBMTRvMS1WV2hTMmVmcW9oXzlNMWJfQTlEdEtUdW9xZm1rbjgzQWJKenduUGkvbi8yMzE2MjFmMDNkMTM1MWY1ZThkMmYzYTEwYzcwOTU0Mi53ZWJw","@jason","20,000","~$57,120","","-","","","https://tonviewer.com/transaction/308f5355dbe9d990381934290ea893cafa59b6d2c9aa86af8991afc20b0cb4a3","TX","","","jason.t.me","https://marketapp.ws/user/EQA_4RBk4I_lvCNHsjr1dQZ3Z8kTXM5ahlF3yiTLqLN6W0hV/"
"https://marketapp.ws/nft/EQAedZ9MvZv-fCU7MpxHS5_eDrAhbGQwTp4vGUnE16X1ioyv/","Aug 1, 2025","Aug 1, 2025, 18:08","https://i2.anton.market/Ngcr1Ywyof4sIpAbS-515QiOEHSFDqK1YQZSOWImhMk/rs:fill:200:200:1/g:ce/czM6Ly9tYXJrZXRhcHAvYy9FUUNBMTRvMS1WV2hTMmVmcW9oXzlNMWJfQTlEdEtUdW9xZm1rbjgzQWJKenduUGkvbi83OGRiZmY1ZjUwYjcxMzVhMjQ1ODgwNmRkOGQ4MjQyMi53ZWJw","@juli","20,000","~$69,540","","-","","","https://tonviewer.com/transaction/8a8d86954c25ca9385cc95d467ea857f655fd9b9fbc42c54c54615833ae917db","TX","","","wolf.t.me","https://marketapp.ws/user/EQDYzZmfsrGzhObKJUw4gzdeIxEai3jAFbiGKGwxvxHinaPP/"
"https://marketapp.ws/nft/EQDkTfknR5KERV5B-J_iPK0OOpcFD0jwegV7KzG_P8o2ZjkX/","Oct 2, 2025","Oct 2, 2025, 02:33","https://i2.anton.market/zufr3eEuje0RgbZPqcmiO7dlmWAK6eF7Yt0jsvgZGe4/rs:fill:200:200:1/g:ce/czM6Ly9tYXJrZXRhcHAvYy9FUUNBMTRvMS1WV2hTMmVmcW9oXzlNMWJfQTlEdEtUdW9xZm1rbjgzQWJKenduUGkvbi83MGM0MDczMDc2NmI0NDE1MDEwODM1ZWQ3NDMzNTMzZS53ZWJw","@upset","19,000","~$52,782","","","https://marketapp.ws/user/EQBSf_SxdEhnIo77sg7bCkuzE42N0ewKnup51VWuYBCRu5kA/","EQBSf_SxdEhnIo77sg7bCkuzE42N0ewKnup51VWuYBCRu5kA","https://tonviewer.com/transaction/9778f9ac387ee9b95bc7f752f3f3218064201a2b2daf892dca4409d4e4cec75e","TX","https://marketapp.ws/user/EQAQNCvG6cfH79Hb2I61GN_lGqegVNtOg7mtrYa4jGV9T4cZ/","EQAQNCvG6cfH79Hb2I61GN_lGqegVNtOg7mtrYa4jGV9T4cZ","",""
"https://marketapp.ws/nft/EQAa_AeeXkf4JN-nWIwcxDwGvYmP3TQMUuKRLil90brX-7-l/","Nov 24, 2025","Nov 24, 2025, 19:12","https://i2.anton.market/Lpxrr1omTL0I154EQQxci51fqW5NgFtCiM0W7lz8S9k/rs:fill:200:200:1/g:ce/czM6Ly9tYXJrZXRhcHAvYy9FUUNBMTRvMS1WV2hTMmVmcW9oXzlNMWJfQTlEdEtUdW9xZm1rbjgzQWJKenduUGkvbi9jYWY5NzQwNTY1ODRjNTI5MmQ0ODFjMGE2OWI5NWM5My53ZWJw","@mexc","18,743","~$27,902","auction","","https://marketapp.ws/user/EQDw-UFB7j9Bq4XjoCPGw3lP05sbUl27w7YUmpVQn6EEkoO1/","EQDw-UFB7j9Bq4XjoCPGw3lP05sbUl27w7YUmpVQn6EEkoO1","https://tonviewer.com/transaction/cfe961a933f6002b12bdb6d3afdfe3cf7981a593925d3365c57feb3a2a8c75bb","TX","","","",""
"https://marketapp.ws/nft/EQBJsSu132xX6__stkLve9UG1ADn8i-TAJurSo8JKpetGgcl/","Sep 23, 2025","Sep 23, 2025, 08:05","https://i2.anton.market/zpz8fFk94CmvlgmmRENqhZ8zYwh_X-bac_SWqlCilSY/rs:fill:200:200:1/g:ce/czM6Ly9tYXJrZXRhcHAvYy9FUUNBMTRvMS1WV2hTMmVmcW9oXzlNMWJfQTlEdEtUdW9xZm1rbjgzQWJKenduUGkvbi80Yjk2YjZiYjllNzE2NmNjODdkNTY4ODgwZTIyOTVlOC53ZWJw","@sigh","18,181","~$50,343","","","","","https://tonviewer.com/transaction/aeaa4266bfd410664902ad8d77198e9ceb1be27044646bd29c8098c9a5cb1252","TX","https://marketapp.ws/user/EQBSf_SxdEhnIo77sg7bCkuzE42N0ewKnup51VWuYBCRu5kA/","EQBSf_SxdEhnIo77sg7bCkuzE42N0ewKnup51VWuYBCRu5kA","incel.ton","https://marketapp.ws/user/EQBCAFk0hnRIXZRTKeoxFXo9BwoQKTKt5aU9OpboPE7psgn1/"
"https://marketapp.ws/nft/EQCqB3QV-nnQ5P9TMigXNW1oNuA0bMYILlGIroxDPag73ukA/","Nov 22, 2025","Nov 22, 2025, 21:26","https://i2.anton.market/09oawl0juwLls_YK4IAsTSDbknu20aeHjUXKrrns3JA/rs:fill:200:200:1/g:ce/czM6Ly9tYXJrZXRhcHAvYy9FUUNBMTRvMS1WV2hTMmVmcW9oXzlNMWJfQTlEdEtUdW9xZm1rbjgzQWJKenduUGkvbi80MzczOTc4ZGM4ZjFiMjA1MmViYzNjMmI5M2M5ZjliMy53ZWJw","@bape","18,106","~$27,421","auction","-","https://marketapp.ws/user/EQBa083_prUa-j2Vya691DsBL3zBLf7RK9n7dgk8STG3_ufD/","EQBa083_prUa-j2Vya691DsBL3zBLf7RK9n7dgk8STG3_ufD","https://tonviewer.com/transaction/3a8e07797a42247e9d7e86776c795747ce420ae996f4af023486b1d928ee2c3f","TX","","","",""
"https://marketapp.ws/nft/EQBPGxGPY2x5T66KseRj0XhGxEdHS3JBZqt_OtiaJ-DDykf7/","May 14, 2025","May 14, 2025, 11:01","https://i2.anton.market/Gwm_mkbihYBJuUyZU40CuFhBaOEYQCuyx2rN_4ML-LE/rs:fill:200:200:1/g:ce/czM6Ly9tYXJrZXRhcHAvYy9FUUNBMTRvMS1WV2hTMmVmcW9oXzlNMWJfQTlEdEtUdW9xZm1rbjgzQWJKenduUGkvbi9mMzQ4YTIyNzI3OThiYjIzNDg1ZDYxY2EyYjYyYmJlMi53ZWJw","@princess","18,000","~$61,236","offer","","https://marketapp.ws/user/EQCFETSNjEqrLnXYgAqLvrVxD4AWNifjbjPKH7pnwHsGBZxr/","EQCFETSNjEqrLnXYgAqLvrVxD4AWNifjbjPKH7pnwHsGBZxr","https://tonviewer.com/transaction/ca9b7afd1051f1589b81b4c21a34c21a095a97fe021ffef99766f2c074f7af44","TX","https://marketapp.ws/user/EQD0sNSmlRdbmGBiIdeExN_p8C9B9uBArf0bQ5p1Z026fv_0/","EQD0sNSmlRdbmGBiIdeExN_p8C9B9uBArf0bQ5p1Z026fv_0","",""
"https://marketapp.ws/nft/EQBUduZxgp9qMs2hnI0LqPN7xoG2K-dyK39jQ5XDoD6ITlqj/","Nov 10, 2025","Nov 10, 2025, 01:00","https://i2.anton.market/ZMimKFy7Oh4d7Ba3idJD0ewYALzODmm5M0yocYHrfIM/rs:fill:200:200:1/g:ce/czM6Ly9tYXJrZXRhcHAvYy9FUUNBMTRvMS1WV2hTMmVmcW9oXzlNMWJfQTlEdEtUdW9xZm1rbjgzQWJKenduUGkvbi81NzgwNjM0YjBmOTc4NWQ3ZWFkN2E3MTA1MjlmYjE1NS53ZWJw","@jump","17,500","~$37,258","sale","","https://marketapp.ws/user/EQDQkYYm_34TJZTIShyo5r7u7h2GWd0uYpcLZIEWKuG9V_Cf/","EQDQkYYm_34TJZTIShyo5r7u7h2GWd0uYpcLZIEWKuG9V_Cf","https://tonviewer.com/transaction/01924ec6182c7228b6517d37b7181a9bd7a107b86bd6415897fb32a16d2574de","TX","https://marketapp.ws/user/EQCIvwl05kbgSd660GysUjkhvja9SI9EvWX1HQXC3HWdHKs-/","EQCIvwl05kbgSd660GysUjkhvja9SI9EvWX1HQXC3HWdHKs-","",""
"https://marketapp.ws/nft/EQCkx5NylttRzpJfJg4BuHszN7-YT5jc2WAB9SKqfbUfiVnf/","Sep 30, 2024","Sep 30, 2024, 19:19","https://i2.anton.market/_RjqwRcp2hzWyaEZjSm9FmjJH5oAe0P3jyxFImh1aKI/rs:fill:200:200:1/g:ce/czM6Ly9tYXJrZXRhcHAvYy9FUUNBMTRvMS1WV2hTMmVmcW9oXzlNMWJfQTlEdEtUdW9xZm1rbjgzQWJKenduUGkvbi9iMGE1ZmI1Yjk1NTEzMDkzYzM5ODUyMDVhYzNhMDUwMC53ZWJw","@super","17,400","","","","https://marketapp.ws/user/EQBRpkBalbTqM8wVTW8hf8v_HdhfouLZqTtjyBPS-KX5FGWI/","EQBRpkBalbTqM8wVTW8hf8v_HdhfouLZqTtjyBPS-KX5FGWI","","","","","",""
"https://marketapp.ws/nft/EQAkLqdh_ZHoTFsrdO2pLigxSDI2MfyMaqKaLcuY_f-8oqWW/","Nov 24, 2025","Nov 24, 2025, 19:13","https://i2.anton.market/qMfY9xNwmHFWx4f4GV2A1HtH79VHnmltcTuWadjiN8M/rs:fill:200:200:1/g:ce/czM6Ly9tYXJrZXRhcHAvYy9FUUNBMTRvMS1WV2hTMmVmcW9oXzlNMWJfQTlEdEtUdW9xZm1rbjgzQWJKenduUGkvbi9iZDEzZTFkOWFlNjBiMGFmNTRlZjNkNDkxZjlhM2RiYi53ZWJw","@bitget","17,365","~$25,850","auction","","https://marketapp.ws/user/EQDw-UFB7j9Bq4XjoCPGw3lP05sbUl27w7YUmpVQn6EEkoO1/","EQDw-UFB7j9Bq4XjoCPGw3lP05sbUl27w7YUmpVQn6EEkoO1","https://tonviewer.com/transaction/ea707352b414161615c4bea9cba8a0d391dfc1d95a1753dfb0d102abaaca32dd","TX","","","",""
"https://marketapp.ws/nft/EQAQyXDGOdIRrAA1CVdacbk1ZYDP8PGK_g7sVUT6jzkdTKxc/","Jan 9, 2026","Jan 9, 2026, 04:07","https://i2.anton.market/hUbvO2iXp-suF_moGlqs1T_Hsjo7lv46tLlMFZUzzrE/rs:fill:200:200:1/g:ce/czM6Ly9tYXJrZXRhcHAvYy9FUUNBMTRvMS1WV2hTMmVmcW9oXzlNMWJfQTlEdEtUdW9xZm1rbjgzQWJKenduUGkvbi9hNGUyYzJmZDVjYjcyZjY0OTZjYjA1YzI3Njc2YTRlNS53ZWJw","@nova","17,150","~$31,947","sale","","","","https://tonviewer.com/transaction/07ac152a35eb5a0092149f59a71e8dfeb62fb0285c9518f998c2c5c08eba83c2","TX","https://marketapp.ws/user/EQDm94Wm-DKpL0K6SInGmOwYwZtlUFypV7LhqoLGTISckeU5/","EQDm94Wm-DKpL0K6SInGmOwYwZtlUFypV7LhqoLGTISckeU5","dash.t.me","https://marketapp.ws/user/EQCFE_5VTpvxH70mhfQ8yl1DqblexwO2MQagNd35TOqvVaqv/"
"https://marketapp.ws/nft/EQBsgc5lVNLQoZM-t1iZrn5PqjL9okEfmGbgrkV0R6Az-6ux/","Sep 14, 2024","Sep 14, 2024, 00:32","https://i2.anton.market/oN6XLJNVCeTZFEVYB9FZ95IZ4aWnTZbg84u52GKAthE/rs:fill:200:200:1/g:ce/czM6Ly9tYXJrZXRhcHAvYy9FUUNBMTRvMS1WV2hTMmVmcW9oXzlNMWJfQTlEdEtUdW9xZm1rbjgzQWJKenduUGkvbi9hMjE0NGUzM2UzMWIwOTVjNzVhNDZjZDA1M2FmNTk3MC53ZWJw","@cake","17,100","","","","","","","","https://marketapp.ws/user/EQBpGsHp_ItzfTbh5OHD_-c7THUZwOy0wwpvMvIf1zGIwihv/","EQBpGsHp_ItzfTbh5OHD_-c7THUZwOy0wwpvMvIf1zGIwihv","monerocom.t.me","https://marketapp.ws/user/EQBepIwwVuPXNPSkWfq-w_GRF1fCOdyG4bk1VYLT2xbX8r47/"
"https://marketapp.ws/nft/EQBprJpLdGeoqSZZ77DbUl_jeAevYauZIF6PWO3t3lr01E7p/","Nov 9, 2025","Nov 9, 2025, 07:08","https://i2.anton.market/R3o30MT0qkaQkeMCi_0VmUufvuFFb3T129rxSm-En4M/rs:fill:200:200:1/g:ce/czM6Ly9tYXJrZXRhcHAvYy9FUUNBMTRvMS1WV2hTMmVmcW9oXzlNMWJfQTlEdEtUdW9xZm1rbjgzQWJKenduUGkvbi80YzExODkyN2U3MWVmMmExNzZkZGE5OWI4NWQwOTJjYy53ZWJw","@fugui","16,888","~$35,006","sale","","https://marketapp.ws/user/EQDwLPMVR6GBojc5MOeASmE-YLknX3UbsK1pVUUmRw20bM-O/","EQDwLPMVR6GBojc5MOeASmE-YLknX3UbsK1pVUUmRw20bM-O","https://tonviewer.com/transaction/929388db0f4c73f242c9e2935a7847778465720bff58f25e56adc367f8b40cfe","TX","","","",""
"https://marketapp.ws/nft/EQAAjMxGb6ks0f0b7LxD3huD9hb3Ob2nMOkCAGt6s2JeTiDs/","Dec 2, 2025","Dec 2, 2025, 13:31","https://i2.anton.market/NgnJs9MZJCM78TV8aIbz63cqtBlUNBLm6gXQxEjQK50/rs:fill:200:200:1/g:ce/czM6Ly9tYXJrZXRhcHAvYy9FUUNBMTRvMS1WV2hTMmVmcW9oXzlNMWJfQTlEdEtUdW9xZm1rbjgzQWJKenduUGkvbi8xM2IwOWExZjEzMGVlYWUxOGU4Mzg4ZTFhODdmNjQ2YS53ZWJw","@guibin","16,888","~$25,194","sale","","https://marketapp.ws/user/EQBowZmNPdPIM9vSzixTBVa2-cJNrUah0Kzk4YzlfYffLs3m/","EQBowZmNPdPIM9vSzixTBVa2-cJNrUah0Kzk4YzlfYffLs3m","https://tonviewer.com/transaction/c72b68b80ab0d3a0ed7c890fa0e1b6c5060fd0d48a7843ba6518bffbdf3b7ede","TX","https://marketapp.ws/user/EQDwLPMVR6GBojc5MOeASmE-YLknX3UbsK1pVUUmRw20bM-O/","EQDwLPMVR6GBojc5MOeASmE-YLknX3UbsK1pVUUmRw20bM-O","",""
"https://marketapp.ws/nft/EQBDwEuLe6ZwG0x7a9lFZEAg9vW3Oh9oPsU9bc23PWFr253v/","Jun 12, 2025","Jun 12, 2025, 03:21","https://i2.anton.market/Tn-a69IoO_4QlQF8aoTyGCvNjevoWCxEtGa-NxXHHB8/rs:fill:200:200:1/g:ce/czM6Ly9tYXJrZXRhcHAvYy9FUUNBMTRvMS1WV2hTMmVmcW9oXzlNMWJfQTlEdEtUdW9xZm1rbjgzQWJKenduUGkvbi9kMDZiMGY2ZjkxNmU0Mjk3YWUxMDIzNjUwOWQ0NzI2MC53ZWJw","@milf","16,800","~$53,957","","-","","","https://tonviewer.com/transaction/366cb8734a2786b04da8c9c6658430c0946b460dfbdc5fd669e0a0744d084aa8","TX","","","plug.ton","https://marketapp.ws/user/EQAhZiSt9QaHXhFK_5aOD69_8zS7hu6jSKqJ9ETq5vIWylQO/"
"https://marketapp.ws/nft/EQBC15vLASiPbc2JBbyoBM9anTnMk-tio1KBeXvmRR-odtvl/","Sep 28, 2025","Sep 28, 2025, 21:36","https://i2.anton.market/mP-80VlAx-z_KUlETSWlwNKjxIgH2bd8vjs234H2mFY/rs:fill:200:200:1/g:ce/czM6Ly9tYXJrZXRhcHAvYy9FUUNBMTRvMS1WV2hTMmVmcW9oXzlNMWJfQTlEdEtUdW9xZm1rbjgzQWJKenduUGkvbi8zZTI4NDgxYTI2YWZjZTE2MzBmNmUzMzZlYTc5YWZmOC53ZWJw","@fffff","16,775","~$45,276","","-","https://marketapp.ws/user/EQD9e2-UzPScQ9029P_0uRP9cEk-lMHtWfCdmdef1J8i2-RR/","EQD9e2-UzPScQ9029P_0uRP9cEk-lMHtWfCdmdef1J8i2-RR","https://tonviewer.com/transaction/d28aba72094ab97d2ba21169752322fbe43e3eeb08f2796f57bf4877e005df47","TX","","","",""
"https://marketapp.ws/nft/EQBSG4Yehrb398XRqTOrhzYn1qLySQqT-usALwzYZFbrpDN0/","Sep 21, 2025","Sep 21, 2025, 21:25","https://i2.anton.market/eIi59iT5GIiQdqo1FpqF1mgd8nntz4g4RC1VPLXAQyM/rs:fill:200:200:1/g:ce/czM6Ly9tYXJrZXRhcHAvYy9FUUNBMTRvMS1WV2hTMmVmcW9oXzlNMWJfQTlEdEtUdW9xZm1rbjgzQWJKenduUGkvbi84OTBjMzk0Nzc5MjJiYjE0YmI1MjJkNTg1MjY2ZTZmOC53ZWJw","@chopard","16,500","~$50,308","offer","","","","https://tonviewer.com/transaction/d9b9450d632106ce99f7446f20a7c48b35f436899052a9df7925d0b833917a5f","TX","https://marketapp.ws/user/EQCVqP4PFMeg75Ei5-TM3_uhjoJNvOIh9jS3Ve-KgdQ4ETpw/","EQCVqP4PFMeg75Ei5-TM3_uhjoJNvOIh9jS3Ve-KgdQ4ETpw","ownershipcoin.t.me","https://marketapp.ws/user/EQBm8kioHPNRvHBG0nttgqeO4eOTEEW_aHxGiW3GLTACtj1D/"
"https://marketapp.ws/nft/EQAX_Z4OoGRZ6G7fzaVuofoHF6cn_Zf-oXQF9oLrs-ddaY_h/","Oct 26, 2025","Oct 26, 2025, 08:16","https://i2.anton.market/CJrk9qZWvDOcR4HrStz4G2hAkg54Gb364A3ztq5SaLA/rs:fill:200:200:1/g:ce/czM6Ly9tYXJrZXRhcHAvYy9FUUNBMTRvMS1WV2hTMmVmcW9oXzlNMWJfQTlEdEtUdW9xZm1rbjgzQWJKenduUGkvbi8xMzUyOTMyZTljNzk4YjljY2NjNGUxYTM5MTFlN2FjMS53ZWJw","@hola","16,347","~$34,949","auction","-","https://marketapp.ws/user/EQCrh8b1yyjetdXv7CuS1KjV4cCx-C2cbdDRuQlne_DgXt0R/","EQCrh8b1yyjetdXv7CuS1KjV4cCx-C2cbdDRuQlne_DgXt0R","https://tonviewer.com/transaction/3b5f17f400942c4dc2105248c65f797db7825b7561b897c4cc0587924fd1522c","TX","","","",""
"https://marketapp.ws/nft/EQA-nwPV6z7B1Df6WXIqE6jQYaVpR7RhVxGyWM2B49R_WigK/","Dec 20, 2025","Dec 20, 2025, 20:33","https://i2.anton.market/hkBklcv3Rw2aRuQau8toP33cSnzFHJlF70NYD_VQOdQ/rs:fill:200:200:1/g:ce/czM6Ly9tYXJrZXRhcHAvYy9FUUNBMTRvMS1WV2hTMmVmcW9oXzlNMWJfQTlEdEtUdW9xZm1rbjgzQWJKenduUGkvbi9mMDI4NWEyZjE2MGQwODkwNWI2ODNkNDI1YWRkMTlmYy53ZWJw","@anxi","16,207","~$24,201","auction","-","https://marketapp.ws/user/EQCsSvu3UKnwOG4G4swv59dzPEYVQzM2AUwJxIm59JV1Sf6y/","EQCsSvu3UKnwOG4G4swv59dzPEYVQzM2AUwJxIm59JV1Sf6y","https://tonviewer.com/transaction/24d097e3c7ba97ffc52a9e08d78b19d9eef249f803fe8305597c71f3ca02e2a8","TX","","","",""
"https://marketapp.ws/nft/EQDVIARtGFHGVifQGCJfExw6Qm57L43ZDpw8W91hgWE9fynn/","Jun 12, 2025","Jun 12, 2025, 03:04","https://i2.anton.market/aSzGtQxeGEwl5OvDdxCAShjcGNX1Drpb5ahl_dnmFSI/rs:fill:200:200:1/g:ce/czM6Ly9tYXJrZXRhcHAvYy9FUUNBMTRvMS1WV2hTMmVmcW9oXzlNMWJfQTlEdEtUdW9xZm1rbjgzQWJKenduUGkvbi84ZDY0Y2FhYzRmOTQ5NTQ5ZjE5NGFhYjg0ZTQ1ZjVhYi53ZWJw","@idle","16,000","~$51,344","","-","https://marketapp.ws/user/EQD0sNSmlRdbmGBiIdeExN_p8C9B9uBArf0bQ5p1Z026fv_0/","EQD0sNSmlRdbmGBiIdeExN_p8C9B9uBArf0bQ5p1Z026fv_0","https://tonviewer.com/transaction/5ad2ea91539379bc4b5ade7b7de280591e56d34fcfb070f11d25d431dc5b8134","TX","","","",""
"https://marketapp.ws/nft/EQD78AmvuV81PbwuCLadcj4N4aCQaAeXO3WqGMYV4Am1Pgnb/","Jun 26, 2025","Jun 26, 2025, 15:49","https://i2.anton.market/cl1Xqni7UGSwGSF2dpGuJMBtQAgwzI-5ZxwNlfaJDPg/rs:fill:200:200:1/g:ce/czM6Ly9tYXJrZXRhcHAvYy9FUUNBMTRvMS1WV2hTMmVmcW9oXzlNMWJfQTlEdEtUdW9xZm1rbjgzQWJKenduUGkvbi8xNTFlNTE2OGJkZDc0YjBlMzJlZDJiM2ExMzIwMmM3Mi53ZWJw","@neko","15,886","~$44,880","sale","","https://marketapp.ws/user/EQAKHmTPfCG2FzhTuTg8hVcqY3TFF6QyG_PREFnLTD5h-3SK/","EQAKHmTPfCG2FzhTuTg8hVcqY3TFF6QyG_PREFnLTD5h-3SK","https://tonviewer.com/transaction/9027d1b94e39ff6a7a101a1d09b89f36c04aa9f0c57dc341351d6cf5d9bc909d","TX","https://marketapp.ws/user/EQBtOKqhFueHmhy3BRL8FyAfKh2E8saz9wJMAVjP5nKR-n5t/","EQBtOKqhFueHmhy3BRL8FyAfKh2E8saz9wJMAVjP5nKR-n5t","",""
"https://marketapp.ws/nft/EQByoe8D-Cim9uyyM0-21nfWtZ365QDrc7nyEFvQZgW-J6cA/","Jun 12, 2025","Jun 12, 2025, 03:20","https://i2.anton.market/WlBY8aOyVQkEs8MPSZVYhLNBooqjiPqxvdRGSOe2GZ4/rs:fill:200:200:1/g:ce/czM6Ly9tYXJrZXRhcHAvYy9FUUNBMTRvMS1WV2hTMmVmcW9oXzlNMWJfQTlEdEtUdW9xZm1rbjgzQWJKenduUGkvbi8zYmU1YzJiYTA5YzU4MTJhNjM2MTU1ZjU4MTM0M2IzZi53ZWJw","@after","15,828","~$50,835","","","https://marketapp.ws/user/EQBBthZ_vlSSfDCHaJp_ttxx32CNnYPPPu2SdDYpieMP4ABR/","EQBBthZ_vlSSfDCHaJp_ttxx32CNnYPPPu2SdDYpieMP4ABR","https://tonviewer.com/transaction/f05d62ea465136c7f33f0a07dfb8404453530604d8f9769b90b0f4e027e0517b","TX","","","",""
"https://marketapp.ws/nft/EQDkNM2r8DYjRKz1bD5w-viRJXv-hsD5Zr6QWx3OqqLptb8p/","Aug 13, 2025","Aug 13, 2025, 03:42","https://i2.anton.market/UJpX0t8eOQISE5LZNTQxmYj_OX0tO07jgR7hXHaXfAM/rs:fill:200:200:1/g:ce/czM6Ly9tYXJrZXRhcHAvYy9FUUNBMTRvMS1WV2hTMmVmcW9oXzlNMWJfQTlEdEtUdW9xZm1rbjgzQWJKenduUGkvbi9iYmIyNjI3ZTg3ZjU2MjU2ODk0MjcyNmZmN2U4ZGU0NS53ZWJw","@creep","15,700","~$54,996","","-","","","https://tonviewer.com/transaction/8c1e110ac8a5e135e444500b548be4d1a754a4dbcadd479645c1d7497560e72f","TX","","","fame-bid-service.ton","https://marketapp.ws/user/EQDbe5ESC918WMx7tZCHyyqxWd02P-6JcteahPUPek4UHX8e/"
"https://marketapp.ws/nft/EQCh0cUtc9D7RcQNkNTfKX-8wTeDxnSaWiRo8dxLkXOT-Jy7/","May 4, 2025","May 4, 2025, 09:44","https://i2.anton.market/wTSDwnLo05FXle0K2L5D0F8iKjlPSLjCHdbJVJJxtNQ/rs:fill:200:200:1/g:ce/czM6Ly9tYXJrZXRhcHAvYy9FUUNBMTRvMS1WV2hTMmVmcW9oXzlNMWJfQTlEdEtUdW9xZm1rbjgzQWJKenduUGkvbi8yMDJhY2Q2NjQ4ZGY2MzIyMTMwMzVlMjIxOTBkNDkxNy53ZWJw","@fancy","15,500","~$48,034","","-","https://marketapp.ws/user/EQCKP1hbK_EON3KS6BPfYDiXljPGmercCuTh6cRNtU5t-0yu/","EQCKP1hbK_EON3KS6BPfYDiXljPGmercCuTh6cRNtU5t-0yu","https://tonviewer.com/transaction/fdf7cc3dd23a79844207c124e97ddc643dc94709732b0d1e3fc4f0281fe23974","TX","","","",""
"https://marketapp.ws/nft/EQBjsqLeJm84-lCknMubfWOWX_bQk_EbRSfzVyRDCjOppLAy/","Jul 26, 2024","Jul 26, 2024, 17:10","https://i2.anton.market/BxgnVCZfhwfFpHVA7nx1aLphsazOakhJYsYkF4IlcAY/rs:fill:200:200:1/g:ce/czM6Ly9tYXJrZXRhcHAvYy9FUUNBMTRvMS1WV2hTMmVmcW9oXzlNMWJfQTlEdEtUdW9xZm1rbjgzQWJKenduUGkvbi80MDQ1NzZlNTFjNjQwN2E1YWJiNjRmZWJjZWY3NzhjMS53ZWJw","@netflix","15,444","","","","https://marketapp.ws/user/EQBdxgBZkxaHd2OfsRTvwuok_GzGnNlvX0JcR3el-_7JF7pw/","EQBdxgBZkxaHd2OfsRTvwuok_GzGnNlvX0JcR3el-_7JF7pw","","","https://marketapp.ws/user/EQBQmKohgLzsp7EGSMDqjf41oUrg9ESZGAF0RcgLqoQgg80z/","EQBQmKohgLzsp7EGSMDqjf41oUrg9ESZGAF0RcgLqoQgg80z","",""
"https://marketapp.ws/nft/EQAcxI_NmJIlF1eJ2Wo3qmrL8VebhvHyUMXi8GeltY6--B7E/","2 hours ago","2 hours ago","https://i2.anton.market/QW7JXgSWJxJogP8dQ4iIOT5BHx-nzcERu8Tim8KWAB8/rs:fill:200:200:1/g:ce/czM6Ly9tYXJrZXRhcHAvYy9FUUNBMTRvMS1WV2hTMmVmcW9oXzlNMWJfQTlEdEtUdW9xZm1rbjgzQWJKenduUGkvbi9kNDcwM2QxNGY4MTljZmM4MGYyMzg5NjFlMDllMTVkZi53ZWJw","@jpmorganchase","15,000","~$22,703","sale","","https://marketapp.ws/user/EQBlGLbaq8X8K1UVBac6P5YouCggDfNIb_pUmRZ6zTZJSJCZ/","EQBlGLbaq8X8K1UVBac6P5YouCggDfNIb_pUmRZ6zTZJSJCZ","https://tonviewer.com/transaction/54db9e67c57cb4ef31a04512539e14eb6ce5033e0ed0f4ce7f6cc90ecd41a967","TX","https://marketapp.ws/user/EQBZGlqGjRD0FKiIKK8pz2Aka6ytHSjL08lGtTZad3akTAUp/","EQBZGlqGjRD0FKiIKK8pz2Aka6ytHSjL08lGtTZad3akTAUp","",""
"https://marketapp.ws/nft/EQCenAQZNu_C0GUqaisdWI6wtqQ7Qm1A2ag_uj3wg9qbuXdH/","Jan 18, 2026","Jan 18, 2026, 19:58","https://i2.anton.market/-8VJU6OgYfG4alprrLVrJAJx2meVbAlYLF4ERLT3rX0/rs:fill:200:200:1/g:ce/czM6Ly9tYXJrZXRhcHAvYy9FUUNBMTRvMS1WV2hTMmVmcW9oXzlNMWJfQTlEdEtUdW9xZm1rbjgzQWJKenduUGkvbi83ZjNjMmVmNWMxNTI1MjBlZmUzNDMwYjJhMWFkY2ZjMS53ZWJw","@flux","15,000","~$25,793","sale","","https://marketapp.ws/user/EQDHDoysoqPECrTa2pF8Z3fknyYPMwFK3aISff38xNaW6zjr/","EQDHDoysoqPECrTa2pF8Z3fknyYPMwFK3aISff38xNaW6zjr","https://tonviewer.com/transaction/a0028ea1a97db44719f03fa1f2d295844267599a2e33626ee0209f34754f8a13","TX","","","",""
"https://marketapp.ws/nft/EQDAkoHx2EASHlqtXU4Qz0326WmmqCnnfvwxK7ODW-p4CxET/","Jan 17, 2026","Jan 17, 2026, 05:51","https://i2.anton.market/QVh96OTUKX61x-ekNk5VBaTjvnr0elske5FbupFcWqk/rs:fill:200:200:1/g:ce/czM6Ly9tYXJrZXRhcHAvYy9FUUNBMTRvMS1WV2hTMmVmcW9oXzlNMWJfQTlEdEtUdW9xZm1rbjgzQWJKenduUGkvbi8wN2U2YmZmZWRmOTIzYjg5YmIxZmUzMTFjYjBhYjhjZS53ZWJw","@singapore","15,000","~$25,852","auction","-","https://marketapp.ws/user/EQCUmsKJ9lBZhuHwS6bxcjUO2ddqMVnQyH_38zCOKk5_UuAo/","EQCUmsKJ9lBZhuHwS6bxcjUO2ddqMVnQyH_38zCOKk5_UuAo","https://tonviewer.com/transaction/38cb3f9a06cd8f7f85565d661ccc9e2985ea983a72f0f891d461a7794d22a429","TX","","","",""
"https://marketapp.ws/nft/EQBFQ0tBEZa5MTsGgzwtdVZpvHzSKH7mRhf7BvDhBQQnAQ-Q/","Jan 1, 2026","Jan 1, 2026, 14:30","https://i2.anton.market/I3xQqAdJOxEa8Gffdm47Y-1vPgzCKyHvbKIsHHtx_Gg/rs:fill:200:200:1/g:ce/czM6Ly9tYXJrZXRhcHAvYy9FUUNBMTRvMS1WV2hTMmVmcW9oXzlNMWJfQTlEdEtUdW9xZm1rbjgzQWJKenduUGkvbi8yODk1OWRiN2Q5MDdkNDE3OGM5YWVmMGY3ZDQ2OWJjMC53ZWJw","@newcoin","15,000","~$24,988","sale","","https://marketapp.ws/user/EQDsuSg2o93skBjXurIgSAbVCt91hdyRINa8GQCpFC_Q6wGp/","EQDsuSg2o93skBjXurIgSAbVCt91hdyRINa8GQCpFC_Q6wGp","https://tonviewer.com/transaction/36f0e9cf2caae85e1c25278bcdc5b003d56103b792b7c6fa499e377c5e1765c1","TX","","","",""
"https://marketapp.ws/nft/EQDbFuCUJyoagzsSQA7FvCRGA-2j1EaeSQAjUKqBcRY3poX6/","Oct 17, 2025","Oct 17, 2025, 22:20","https://i2.anton.market/uy5XeErbPzApqASMvzgznlcggnjwNKxVWuC4mLCPhCw/rs:fill:200:200:1/g:ce/czM6Ly9tYXJrZXRhcHAvYy9FUUNBMTRvMS1WV2hTMmVmcW9oXzlNMWJfQTlEdEtUdW9xZm1rbjgzQWJKenduUGkvbi85NGRkNjM5N2QyNjRiZjhiYTQ3NWM5NzUyZWU1ZWM4Zi53ZWJw","@quiet","15,000","~$31,785","","-","https://marketapp.ws/user/EQBSf_SxdEhnIo77sg7bCkuzE42N0ewKnup51VWuYBCRu5kA/","EQBSf_SxdEhnIo77sg7bCkuzE42N0ewKnup51VWuYBCRu5kA","https://tonviewer.com/transaction/a6cdbc982cd77afe48d86c07549be36303bce526dce014780de4b8798d25eb98","TX","","","",""
"https://marketapp.ws/nft/EQDhsRni3KEiIX6DBEltmyVdRI1jcHs4bLX0wur8LOhG68-3/","Oct 8, 2025","Oct 8, 2025, 01:22","https://i2.anton.market/dmTq14Ozzbj2xbNYAxmUCmkLa2gO7z_zZfpjpHV_J2k/rs:fill:200:200:1/g:ce/czM6Ly9tYXJrZXRhcHAvYy9FUUNBMTRvMS1WV2hTMmVmcW9oXzlNMWJfQTlEdEtUdW9xZm1rbjgzQWJKenduUGkvbi81N2NhNTA4OTI0Y2M4NTFhMzMwNWU5NzNiODY3NjhkMi53ZWJw","@cure","15,000","~$41,804","","","","","https://tonviewer.com/transaction/76fcf0e85e5135fbfe5aff18cb321b83ed8edc7a904a920c65e686622fd8c659","TX","https://marketapp.ws/user/EQBqjVwhThB7uh6rMLQ8LJza8OXHa8363_s9MV88SE7RPqnb/","EQBqjVwhThB7uh6rMLQ8LJza8OXHa8363_s9MV88SE7RPqnb","clark-on-telegram.ton","https://marketapp.ws/user/EQDrwavYLrNokH6UerIEQwjll3-ZY7HQqgLqr_o2zVEpclAz/"
"https://marketapp.ws/nft/EQB562XK9zPFshRDPYjiI3CuL-pW0d2cCIMZamfgAQ40olUF/","May 27, 2025","May 27, 2025, 11:38","https://i2.anton.market/HvjPULTbfhtXlsYeJYVFHnNGnp4NDsHsiwgPcM7yq8s/rs:fill:200:200:1/g:ce/czM6Ly9tYXJrZXRhcHAvYy9FUUNBMTRvMS1WV2hTMmVmcW9oXzlNMWJfQTlEdEtUdW9xZm1rbjgzQWJKenduUGkvbi81NDgwYTQ1MDlhYWNkOGQ4MmEwMTZkZjc4ODk5Yjg5OC53ZWJw","@debt","15,000","~$44,880","","-","","","https://tonviewer.com/transaction/89de7428efc4f8a0d763b1748e0917240ee8f52e335db6d5f50b7e7270586ba8","TX","","","x5group.t.me","https://marketapp.ws/user/EQCp3yuAlaXUf87j060MTy2rxLrCuT22ofKpBiNp5IcZIALH/"
"https://marketapp.ws/nft/EQDjBt303TP2EnsuTKdG1rbPy6wIyLiYGwhj0uRMOjhcDrAb/","Jan 6, 2025","Jan 6, 2025, 09:59","https://i2.anton.market/Ov1Qh_Pj7pl2K61r4S43D7maw2TA2WypZVRk-AAC5ew/rs:fill:200:200:1/g:ce/czM6Ly9tYXJrZXRhcHAvYy9FUUNBMTRvMS1WV2hTMmVmcW9oXzlNMWJfQTlEdEtUdW9xZm1rbjgzQWJKenduUGkvbi9hOTBlMTNmMTlhZDA0ZTk3MGE1YTQ4Nzg3ZDFjNGIzNC53ZWJw","@spider","15,000","","","","","","https://tonviewer.com/transaction/WfeolpRpwWlGIJjbZ7UTVpPeW_MV2rGpze-XXeiUCzw=","TX","https://marketapp.ws/user/EQBooEKb5Ez1LYb7jOVVpqnAiHklMq7j4j0canRIqc5Crz3Y/","EQBooEKb5Ez1LYb7jOVVpqnAiHklMq7j4j0canRIqc5Crz3Y","minecons.t.me","https://marketapp.ws/user/EQA4eiIdLblVI9giWuYk3VL6HDI01vm6R9vi8oGrXlvvQzyR/"
"https://marketapp.ws/nft/EQBSiLXdXhdImg9zoyHog_sCwp6a71jfSaRb69r4J3SyJsmE/","Nov 15, 2025","Nov 15, 2025, 14:30","https://i2.anton.market/8_qqVSmwdvijbdBnYJiQrNJByxgQ1CpkvJ_HCmLAnME/rs:fill:200:200:1/g:ce/czM6Ly9tYXJrZXRhcHAvYy9FUUNBMTRvMS1WV2hTMmVmcW9oXzlNMWJfQTlEdEtUdW9xZm1rbjgzQWJKenduUGkvbi9mMGZkNWQ3OWU1MWQxODE3ZTc2MWM2YzM3ODhkMDdhNC53ZWJw","@cricket","14,886","~$27,415","auction","-","https://marketapp.ws/user/EQCntSDbkC9iHIOTHk6F6Vn6uyMYOSeHJyISc2rSegPsIunA/","EQCntSDbkC9iHIOTHk6F6Vn6uyMYOSeHJyISc2rSegPsIunA","https://tonviewer.com/transaction/77f0665bd1851a9cc068553a094eb94c668ab22c44678a2a2ff9a17b72d6152e","TX","","","",""
"https://marketapp.ws/nft/EQCfSe8cu4Ytg3yzbwKs_ucZCRCLU_pFTVBkE5jBKgHtaANd/","Sep 7, 2025","Sep 7, 2025, 06:15","https://i2.anton.market/KT9ejWvYPQHZXqbW6y4npHgcXhfiPhrICfbA_RhqC-A/rs:fill:200:200:1/g:ce/czM6Ly9tYXJrZXRhcHAvYy9FUUNBMTRvMS1WV2hTMmVmcW9oXzlNMWJfQTlEdEtUdW9xZm1rbjgzQWJKenduUGkvbi8yYTA5YzJjMTUwMTI0ZjZiYzNhZDU2M2Q1Njk4Y2M2NS53ZWJw","@molly","14,725","~$45,266","","-","https://marketapp.ws/user/EQBijxWpCWuutZBwHU4GfIPlz7n-I9PqNzPyA4AupseKIzmz/","EQBijxWpCWuutZBwHU4GfIPlz7n-I9PqNzPyA4AupseKIzmz","https://tonviewer.com/transaction/bdc1e056095fb2b1a50405b4f13a640f66cafc5b21232a1b8523a4e1f417ae88","TX","","","",""
"https://marketapp.ws/nft/EQDPwmoLn4nSPgSRpytcgBgIBA5Csv1FlXGAy8PkO7jn2S6X/","Jun 28, 2025","Jun 28, 2025, 00:37","https://i2.anton.market/HQevUi5Bsjnk2k3P7a-B06sOOB9rcSQ_BYp6MmYc5vM/rs:fill:200:200:1/g:ce/czM6Ly9tYXJrZXRhcHAvYy9FUUNBMTRvMS1WV2hTMmVmcW9oXzlNMWJfQTlEdEtUdW9xZm1rbjgzQWJKenduUGkvbi9iMmFlYzA0NzNkODkzYTNiYzk0Y2E1MTc2YTBjNDhhZS53ZWJw","@bonk","14,135","~$40,010","","","https://marketapp.ws/user/EQAYNBsjdUYv2xjw6MrfFOCjAyQqOw-XDB0KWc1VyYBQEw45/","EQAYNBsjdUYv2xjw6MrfFOCjAyQqOw-XDB0KWc1VyYBQEw45","https://tonviewer.com/transaction/8e511984999173d12540136dee9ba9c3070b453b2ce8342973557d280bd87170","TX","https://marketapp.ws/user/EQCWyCD-F1WSaanXfopf6MYabs2No2arCeyWJIMLyTLnF1au/","EQCWyCD-F1WSaanXfopf6MYabs2No2arCeyWJIMLyTLnF1au","",""
"https://marketapp.ws/nft/EQD4K22MPTQFOvkT_BbkAhw114s8uBHs3uaFprgPG4ThR1Lq/","Jun 27, 2025","Jun 27, 2025, 02:50","https://i2.anton.market/8nKiaqrNQK4Wqn1Evux8Bh_x71xmgMMl_LdB_tioNMQ/rs:fill:200:200:1/g:ce/czM6Ly9tYXJrZXRhcHAvYy9FUUNBMTRvMS1WV2hTMmVmcW9oXzlNMWJfQTlEdEtUdW9xZm1rbjgzQWJKenduUGkvbi81OWMzZmZmNmJmOWVmNTNiZDA2YmUyYTI2NmNlYmQ5ZC53ZWJw","@curse","14,100","~$39,692","sale","","https://marketapp.ws/user/EQAKHmTPfCG2FzhTuTg8hVcqY3TFF6QyG_PREFnLTD5h-3SK/","EQAKHmTPfCG2FzhTuTg8hVcqY3TFF6QyG_PREFnLTD5h-3SK","https://tonviewer.com/transaction/c1caabeb8ff6511b58fffb45fa186d0473650ad25432c5814764dae507085055","TX","https://marketapp.ws/user/EQC5k8n9pe7q3bfRrk6dCdDg93--E5tjUHaRNYly3hrbPHdz/","EQC5k8n9pe7q3bfRrk6dCdDg93--E5tjUHaRNYly3hrbPHdz","",""
"https://marketapp.ws/nft/EQBt7-dZierEJ9KLXj3w3q1wiCIokQqon2aulphL6PeZr_oU/","Jul 15, 2025","Jul 15, 2025, 08:05","https://i2.anton.market/1zLXnP0niH8YSWEHs-7qLQpvCv5MMdAZFdJC6RVSNLU/rs:fill:200:200:1/g:ce/czM6Ly9tYXJrZXRhcHAvYy9FUUNBMTRvMS1WV2hTMmVmcW9oXzlNMWJfQTlEdEtUdW9xZm1rbjgzQWJKenduUGkvbi83M2ZhM2NlZWMxMmM5NWRmNTJjNDdhNjFjMTY5ZjBiNi53ZWJw","@fupo","14,100","~$41,884","","","https://marketapp.ws/user/EQCXtn6OhQHsy8Wo_7RZsGC7mFyxZK9ZEUQLEyJor_vGgcC-/","EQCXtn6OhQHsy8Wo_7RZsGC7mFyxZK9ZEUQLEyJor_vGgcC-","https://tonviewer.com/transaction/742c68c158fb19d05bab8e88eef98cc9558e56dddcbcfed1ccc27120e582c323","TX","","","",""
"https://marketapp.ws/nft/EQBQiiTSO7tZc4YC9CzzN-Q4BIiEfYotz23LVYWmJVAVQmp3/","Sep 6, 2025","Sep 6, 2025, 14:30","https://i2.anton.market/j4gltz7d_47_QuEzhSSRiLl3VTS4ktsGm7hjcCjrZSQ/rs:fill:200:200:1/g:ce/czM6Ly9tYXJrZXRhcHAvYy9FUUNBMTRvMS1WV2hTMmVmcW9oXzlNMWJfQTlEdEtUdW9xZm1rbjgzQWJKenduUGkvbi9kMDU1ZmRjZTM3OTU1MTgwOWQ2YTE3YWU1NTFmYzNjNS53ZWJw","@vvip","14,000","~$42,883","","","","","https://tonviewer.com/transaction/17795ee1cf7c5cff5cd9416dd11ea4c08a889f916544643a4bdc2628725ee342","TX","https://marketapp.ws/user/EQCtesyu9Ri6Ec4QPVdMGORs9oN3s-xmBwHm3PECDL-EVBM7/","EQCtesyu9Ri6Ec4QPVdMGORs9oN3s-xmBwHm3PECDL-EVBM7","news5.t.me","https://marketapp.ws/user/EQBmBo2pxc8s2T9ogqQa0oVRu_J_o1WqlRpEKJaWBLj829IT/"
"https://marketapp.ws/nft/EQDvzHAPetWFBxvMsXN0yZE6pNzfn2xej8kXs5oC-a-YpYyK/","Jun 27, 2024","Jun 27, 2024, 05:10","https://i2.anton.market/7hSjigTmuNfQuJQj8i12eW86fTNElTNhGPd1kJwrkEs/rs:fill:200:200:1/g:ce/czM6Ly9tYXJrZXRhcHAvYy9FUUNBMTRvMS1WV2hTMmVmcW9oXzlNMWJfQTlEdEtUdW9xZm1rbjgzQWJKenduUGkvbi8zYjAxNmM5YjU2NDIzNDQ2YTJmNWViMGUyMzAxMjdhOC53ZWJw","@ella","13,925","","","-","https://marketapp.ws/user/EQD7j2-2M_3-F8ndFE3G0EKGGQ7_dCsoTslMr5hcR05ut33D/","EQD7j2-2M_3-F8ndFE3G0EKGGQ7_dCsoTslMr5hcR05ut33D","","","","","",""
"https://marketapp.ws/nft/EQD8r_iW_3q_mOoXdvF7jvzOgY_rAphPbCuEMkGOtvv_gk9q/","Feb 8, 2025","Feb 8, 2025, 18:00","https://i2.anton.market/oz8NAK8vd5_XAyYJXGiRvJ_e01HW3SZtuFKP6Iru-cc/rs:fill:200:200:1/g:ce/czM6Ly9tYXJrZXRhcHAvYy9FUUNBMTRvMS1WV2hTMmVmcW9oXzlNMWJfQTlEdEtUdW9xZm1rbjgzQWJKenduUGkvbi9mYzVmNjI3YWI1Yzg2NGJjNjdiMTI4M2EwYjNjMjA0Yi53ZWJw","@vibe","13,888","","sale","","","","https://tonviewer.com/transaction/5691a98b8a0b774ebc9dc1bd6bd835b33f0e8c2bd3ff6c568feb5efbf071cdb2","TX","","","poppa.t.me","https://marketapp.ws/user/EQAi4AJnB58iGPNYJ0-U3TLEv2ItU5Q_n4EVOWrrGrEkWGhl/"
"https://marketapp.ws/nft/EQDrPH2ioqDTcaFXpdBTgey3AdfVig5PijaardWQgmfTiKCb/","Jul 16, 2025","Jul 16, 2025, 12:19","https://i2.anton.market/vMDUuvPeUlRoMP68ZWA3qiJqpOPk77gQAWRfnxflYh4/rs:fill:200:200:1/g:ce/czM6Ly9tYXJrZXRhcHAvYy9FUUNBMTRvMS1WV2hTMmVmcW9oXzlNMWJfQTlEdEtUdW9xZm1rbjgzQWJKenduUGkvbi9kNjc0YWZmMDhiZDBlYjA5MTQxNDBmYzVlYWJiZjI1OS53ZWJw","@baba","13,888","~$43,236","","","https://marketapp.ws/user/EQCMWf-a4oOPxIMamnMeziB8JLxneFiYpvCWZzmXKnN4Rfhj/","EQCMWf-a4oOPxIMamnMeziB8JLxneFiYpvCWZzmXKnN4Rfhj","https://tonviewer.com/transaction/db65ebae0eb16b45fee6c0a23b4ef5e2838cf5fd1a2b2802c736ade1c6833ff6","TX","https://marketapp.ws/user/EQBJW2sZllH5-i3z2r8fPs8BS9JAt0S84F1mT7cbTD61VbNz/","EQBJW2sZllH5-i3z2r8fPs8BS9JAt0S84F1mT7cbTD61VbNz","",""
"https://marketapp.ws/nft/EQA9IV5jG8leHT-oXDmOJT_aFj4PikMMe8SXOBcjR8RWjzRw/","Mar 10, 2025","Mar 10, 2025, 00:51","https://i2.anton.market/YWek0qXQnutrmL9bB479dvy9hUImJKoWCHOhqx3-BPA/rs:fill:200:200:1/g:ce/czM6Ly9tYXJrZXRhcHAvYy9FUUNBMTRvMS1WV2hTMmVmcW9oXzlNMWJfQTlEdEtUdW9xZm1rbjgzQWJKenduUGkvbi81N2E5MGUwNDQ3MDFjZjI5Yzc2YmFjYzg4YWE0M2NkMi53ZWJw","@tgai","13,650","","","-","https://marketapp.ws/user/EQBo0pGXaWM-6ff8kg6Xwu0PrYnrH2K1CLWOCg_d0t3qL6TX/","EQBo0pGXaWM-6ff8kg6Xwu0PrYnrH2K1CLWOCg_d0t3qL6TX","https://tonviewer.com/transaction/c4b92523891a6bf2db7da315a92a2694e6706172b85f305b61cf37b022d23b59","TX","","","",""
"https://marketapp.ws/nft/EQDFBRDW8m3ntsWja5T6Hr5cqu2DXK58rntUz8in1rBmG36Q/","May 21, 2025","May 21, 2025, 15:31","https://i2.anton.market/V-FoOr3JeW_M3S4tiGmxjzFTiCLeofBn9wKnJoSL1sA/rs:fill:200:200:1/g:ce/czM6Ly9tYXJrZXRhcHAvYy9FUUNBMTRvMS1WV2hTMmVmcW9oXzlNMWJfQTlEdEtUdW9xZm1rbjgzQWJKenduUGkvbi9kOWI2NWIyMjg0MjU4NWE1NGFiODE3YTAwZjU0ZTI4MS53ZWJw","@misa","13,333","~$40,672","","-","https://marketapp.ws/user/EQAM1Q5Ezj2ZDKYQhiyddEO-g_ZS3BwdxgiU6nOc7b1zFV6O/","EQAM1Q5Ezj2ZDKYQhiyddEO-g_ZS3BwdxgiU6nOc7b1zFV6O","https://tonviewer.com/transaction/a79b30d91b69c900f81afab7731e3e97f048aff78c3830edc36973e468025f54","TX","","","",""
"https://marketapp.ws/nft/EQD0fYTVaGRvXrttKX1UKdYPImif_od2B2_u3vFxkKfS2rp-/","Nov 19, 2025","Nov 19, 2025, 03:50","https://i2.anton.market/MlNqUf0oQstRCtj8JjcbyL7gk6UApoQ9jTZ4NOw_Q4E/rs:fill:200:200:1/g:ce/czM6Ly9tYXJrZXRhcHAvYy9FUUNBMTRvMS1WV2hTMmVmcW9oXzlNMWJfQTlEdEtUdW9xZm1rbjgzQWJKenduUGkvbi85ODg4MDdmMmNmMzEzNWUwZTBlNzZjZjYyYTViMzY4Ny53ZWJw","@perk","12,907","~$23,200","sale","","https://marketapp.ws/user/EQChb4jrfP9RNZQIc7spyo2y0DA7QlwsNil07vdG4bqwpYLL/","EQChb4jrfP9RNZQIc7spyo2y0DA7QlwsNil07vdG4bqwpYLL","https://tonviewer.com/transaction/b4fa69b23d536bcddb982b51ebeeac276b62f228b3d7cc60b958f7a4cd9c4e8a","TX","https://marketapp.ws/user/EQCHK3l7tGajtIh0n03oamPrwQ7Ae9rNr6fnaPpzxvW0Jfh3/","EQCHK3l7tGajtIh0n03oamPrwQ7Ae9rNr6fnaPpzxvW0Jfh3","",""